,city,term,country,suffix
354,akron,akronite,United States,ite
2023,perth,perthite,,ite
639,shillong,shillongite,India,ite
2632,irmo,irmite,,ite
1876,carson city,carsonite,,ite
1983,mersin,mersinite,,ite
306,warangal,warangalite,India,ite
2639,mon state,monite,,ite
576,geelong,geelongite,Australia,ite
2659,shillong,shillongite,,ite
3033,ioannina,ioannite,Greece,ite
324,noida,noidite,India,ite
2651,pullman,pullmanite,,ite
91,denver,denverite,United States,ite
395,spokane,spokanite,United States,ite
2621,decatur,decaturite,,ite
654,guelph,guelphite,Canada,ite
2616,bronx,bronxite,,ite
2614,bergen county,bergenite,,ite
268,hartford,hartfordite,United States,ite
376,belgaum,belgaumites,India,ite
2615,boulder,boulderite,,ite
2667,warangal,warangalite,,ite
2060,saint paul,saint paulite,,ite
1893,delhi,delhiite,,ite
2624,denver,denverite,,ite
10,moscow,muscovite,Russia,ite
464,lansing,lansingite,United States,ite
1998,nanaimo,nanaimoite,,ite
2112,waco,wacoite,,ite
2620,dallas,dallasite,,ite
365,pohang,pohangite,South Korea,ite
2608,akron,akronite,,ite
197,ranchi,ranchite,India,ite
3349,unao,unnaoite,India,ite
2638,manhattan,manhattanite,,ite
2619,chennai,chennaiite,,ite
89,cawnpore,kanpurite,India,ite
2611,austin,austinite,,ite
2673,wyoming,wyomingite,,ite
40,dallas,dallasite,United States,ite
279,bhubaneshwar,bhubaneswarite,India,ite
2042,randall,randallite,,ite
13,karachi,karachiite,Pakistan,ite
332,jurong,jurong,China,ite
1924,gwangju,gwangjuite,,ite
2634,karachi,karachiite,,ite
2637,leicester,leicesterit,,ite
2633,jerusalem,jerusalemite,,ite
86,brooklyn,brooklynite,United States,ite
2623,denton  texas,dentonite,,ite
1973,mackay,mackayite,,ite
2635,kweyol,kweyolite,,ite
0,tokyo,tokyoite,Japan,ite
2668,wenham,wenhamite,,ite
2642,mumbai,mumbaiite,,ite
1444,moskva,muscovite,Tajikistan,ite
2650,perth,perthites,,ite
946,bodmin,bodminite,United Kingdom,ite
436,sasaram,sasaramite,India,ite
2612,bagansiapiapi,bagansiapiapite,,ite
298,trivandrum,trivandrumite,India,ite
387,reno,renoites,United States,ite
2644,norman,normanite,,ite
2645,oban,obanite,,ite
262,trichinopoly,tiruchiite,India,ite
200,raleigh,raleighite,United States,ite
2640,moscow,muscovites,,ite
1886,columbus,columbusite,,ite
1877,casper,casperite,,ite
1923,gumi,gumite,,ite
381,worthing,worthingite,United Kingdom,ite
2617,brooklyn,brooklynite,,ite
1925,gyeongju,gyeongjuite,,ite
1869,cairns,cairnsite,,ite
3233,bokaro,bokaroite,India,ite
2663,telangana,telanganite,,ite
484,anchorage,anchoragite,United States,ite
1981,marshall,marshallite,,ite
2643,new hampshire,new hampshirite,,ite
2925,plano,planoite,United States,ite
822,arendal,arendalite,Norway,ite
1835,adana,adanite,,ite
335,raurkela,rourkelite,India,ite
407,seremban,serembanite,Malaysia,ite
2641,montpelier,montpelierite,,ite
2647,pahang,pahangite,,ite
826,matale,mathalites,Sri Lanka,ite
3331,mulug,mulugite,India,ite
2630,gaya,gayaite,,ite
12,istanbul,istanbulite,Turkey,ite
2061,salem,salemite,,ite
598,adoni,adonite,India,ite
2669,westchester county,westchesterite,,ite
2671,winston salem,winston salemite,,ite
2674,yangon,yangonite,,ite
545,yonkers,yonkersite,United States,ite
1883,cheyenne,cheyenneite,,ite
340,durban,durbanite,South Africa,ite
62,harbin,harbinite,China,ite
2121,yeosu,yeosuite,,ite
1955,konya,konyanite,,ite
1908,everett,everettite,,ite
2665,vancouver,vancouverite,,ite
2670,whittier,whittierite,,ite
1946,juneau city,juneauite,,ite
67,seattle,seattleite,United States,ite
95,daegu,daeguite,South Korea,ite
803,vidin,vidinite,Bulgaria,ite
2660,smyrna,smynit,,ite
2628,durban,durbanite,,ite
111,vishakhapatnam,vizagite,India,ite
1772,irungalur,tiruchiite,India,ite
2664,tokyo,tokyoite,,ite
2631,guelph,guelphite,,ite
2656,seattle,seattleite,,ite
2672,wrexham,wrexhamite,,ite
911,gjirokaster,gjirokastrite,Albania,ite
601,kanchipuram,kanchipuramites,India,ite
2078,somers,somersite,,ite
546,dindigul,dindigulite,India,ite
3265,west vancouver,west vancouverite,Canada,ite
752,malappuram,malappuramite,India,ite
509,katihar,katiharites,India,ite
1942,jeonju,jeonjuite,,ite
155,kharkiv,kharkivite,Ukraine,ite
727,dunedin,dunedinite,New Zealand,ite
2657,seoul,seoulite,,ite
3147,eagan,eaganite,United States,ite
2626,dubai,dubaiite,,ite
371,jammu,jammuites,India,ite
2654,reading,readingite,,ite
2953,khammam,khammamite,India,ite
5,seoul,seoulite,South Korea,ite
584,unnao,unnaoites,India,ite
2646,odesa,odesite,,ite
2627,dunedin,dunedinite,,ite
2648,patna,patnaite,,ite
2055,rockhampton,rockhamptonite,,ite
2022,penang,penangite,,ite
2613,baku,bakuvite,,ite
1940,izmit,izmitite,,ite
1840,ammon,ammonite,,ite
2618,carson,carsonite,,ite
3357,malaimarpuram,malappuramite,India,ite
153,bronx,bronxite,United States,ite
1534,brenham,brenhamite,United States,ite
2064,samsun,samsunite,,ite
98,queens,queensite,United States,ite
1957,kuching,kuchingite,,ite
2928,lubbock,lubbockite,United States,ite
2044,reading,readingite,,ite
150,valencia,valencian,Venezuela,n
1408,albania,albanian,Colombia,n
497,brahmanbaria,brahmanbarian,Bangladesh,n
301,mississauga,mississaugan,Canada,n
1092,gandia,gandian,Spain,n
283,omaha,omahan,United States,n
2991,las cruces,las crucen,United States,n
1293,dagami,dagamin,Philippines,n
1865,bossangoa,bossangoan,,n
492,bukhara,bukharan,Uzbekistan,n
1785,bohemia,bohemian,United States,n
948,senglea,senglean,Malta,n
52,alexandria,alexandrian,Egypt,n
532,damietta,damiettan,Egypt,n
2982,valdivia,valdivian,Chile,n
1327,colombia,colombian,Cuba,n
470,armenia,armenian,Colombia,n
930,tlaxcala,tlaxcalan,Mexico,n
1926,haifa,haifan,,n
42,giza,gizan,Egypt,n
1939,ithaca,ithacan,,n
1313,almora,almoran,India,n
667,kenosha,kenoshan,United States,n
626,pasadena,pasadenan,United States,n
193,sevilla,sevillan,Spain,n
1203,segovia,segovian,Spain,n
538,geneva,genevan,Switzerland,n
1081,uvinza,uvinzan,Tanzania,n
45,ankara,ankaran,Turkey,n
846,montana,montanan,Bulgaria,n
1549,laconia,laconian,United States,n
1833,andalusia,andalusian,United States,n
469,oaxaca,oaxacan,Mexico,n
214,ottawa,ottawan,Canada,n
2013,osaka,osakan,,n
2067,santa barbara,santa barbaran,,n
303,tulsa,tulsan,United States,n
50,atlanta,atlantan,United States,n
2029,pompeii,pompeian,,n
987,dangriga,dangrigan,Belize,n
113,tijuana,tijuanan,Mexico,n
2122,yogyakarta,yogyakartan,,n
24,luanda,luandan,Angola,n
209,odesa,odesan,Ukraine,n
666,zacatecas,zacatecan,Mexico,n
1997,nagoya,nagoyan,,n
44,philadelphia,philadelphian,United States,n
1975,malatya,malatyan,,n
2069,santa monica,santa monican,,n
3082,nibria,nibrian,India,n
1067,torrevieja,torreviejan,Spain,n
990,lija,lijan,Malta,n
1845,antakya,antakyan,,n
937,pljevlja,pljevljan,Montenegro,n
1873,canberra,canberran,,n
1135,virginia,virginian,South Africa,n
3071,covina,covinan,United States,n
1857,beersheba,beersheban,,n
2000,napier,napieran,,n
786,chania,chanian,Greece,n
1106,quillota,quillotan,Chile,n
978,siparia,siparian,Trinidad and Tobago,n
2931,peoria,peorian,United States,n
1094,fazilka,fazilkan,India,n
1816,angola,angolan,United States,n
518,granada,granadan,Spain,n
2952,arica,arican,Chile,n
1125,zenica,zenican,Bosnia and Herzegovina,n
1195,america,american,United States,n
2056,rotorua,rotoruan,,n
655,guagua,guaguan,Philippines,n
478,comilla,comillian,Bangladesh,n
2099,toowoomba,toowoomban,,n
3,manila,manilan,Philippines,n
1005,qrendi,qrendin,Malta,n
247,oklahoma city,oklahoman,United States,n
8,kolkata,kolkatan,India,n
294,samarinda,samarindan,Indonesia,n
2068,santa clarita,santa claritan,,n
1950,kastoria,kastorian,,n
2110,villanova,villanovan,,n
1792,madeira,madeiran,United States,n
1945,juba,juban,,n
1916,gaza,gazan,,n
3154,isabela,isabelan,Philippines,n
234,nicosia,nicosian,Cyprus,n
1126,altamura,altamuran,Italy,n
1618,california,californian,United States,n
2117,wichita,wichitan,,n
146,sofia,sofian,Bulgaria,n
2003,netanya,netanyan,,n
998,gudja,gudjan,Malta,n
2092,tasmania,tasmanian,,n
2,mumbai,mumbaikar,India,kar
28,pune,punekar,India,kar
97,nagpur,nagpurkar,India,kar
121,thane,thanekar,India,kar
148,nasik,nashikkar,India,kar
161,aurangabad,aurangabadkar,India,kar
179,vasai,vasaikar,India,kar
296,dhule,dhulekar,India,kar
349,kolhapur,kolhapurkar,India,kar
351,nanded,nandedkar,India,kar
352,amravati,amravatikar,India,kar
388,jalgaon,jalgaonkar,India,kar
396,sangli,sanglikar,India,kar
403,akola,akolekar,India,kar
439,ahmadnagar,ahmednagarkar,India,kar
454,ratnagiri,ratnagirikar,India,kar
463,panvel,panvelkar,India,kar
467,parbhani,parbhanikar,India,kar
559,shrirampur,shrirampurkar,India,kar
577,kottayam,kottayamkar,India,kar
582,mahad,mahadkar,India,kar
681,yavatmal,yavatmalkar,India,kar
732,marmagao,mormugaokar,India,kar
842,panaji,ponnjekar,India,kar
928,sakri,sakrikar,India,kar
1020,karwar,karwarkar,India,kar
1051,madgaon,madgaonkar,India,kar
1102,ambajogai,ambajogaikar,India,kar
1118,goa,goenkar,Philippines,kar
1177,anjangaon,anjangaonkar,India,kar
1197,phaltan,phaltankar,India,kar
1239,medak,medakakar,India,kar
1245,yeola,yeolekar,India,kar
1317,pulgaon,pulgaonkar,India,kar
1356,uran,urankar,India,kar
1673,kamalnagar,kamalnagarkar,India,kar
1829,kalyan,kalyankar,India,kar
3003,gondia,gondiakar,India,kar
3158,washim,washimkar,India,kar
3179,wani,wanikar,India,kar
3283,tasgaon,tasgaonkar,India,kar
3284,purna,purnakar,India,kar
3285,risod,risodkar,India,kar
3288,satana,satanakar,India,kar
3294,taloda,talodekar,India,kar
3302,narayankhed,narayankhedkar,India,kar
3316,siolim,siolkar,India,kar
3319,pitlam,pitlamkar,India,kar
3327,manne ekeli,mannaekhallikar,India,kar
3334,darwa,darwhakar,India,kar
3335,ghogaon,ghogaonkar,India,kar
3336,kawadgaon,kaudgaonkar,India,kar
3337,walur,walurkar,India,kar
3353,ghat borul,ghatboralkar,India,kar
4,shanghai,shanghainese,China,nese
23,hangzhou,hangzhounese,China,nese
47,suzhou,suzhounese,China,nese
60,shijiazhuang,shijiazhuangnese,China,nese
77,brasilia,brasiliense,Brazil,nese
96,fortaleza,fortalezense,Brazil,nese
386,manado,manadonese,Indonesia,nese
1868,bursa,bursanese,,nese
1910,fethiye,fethiyennese,,nese
2778,emirate of fujairah,fujairahnese,,nese
2792,macao,macanese,,nese
2798,negeri sembilan,negeri sembilanese,,nese
2803,rakhine state,arakanese,,nese
2804,ras al khaimah,khaimahnese,,nese
2805,saba,sabanese,,nese
2807,san marino,sammarinese,,nese
2811,shan state,shanese,,nese
2813,emirate of sharjah,sharjahnese,,nese
6,cairo,cairene,Egypt,ene
127,damascus,damascene,Syria,ene
741,nazareth,nazarene,Israel,ene
2021,palmyra,palmyrene,,ene
2749,cairo,cairene,,ene
2750,cyrenaica,cyrene,,ene
2751,damascus,damascene,,ene
2752,nazareth,nazarene,,ene
2753,palmyra,palmyrene,,ene
7,dhaka,dhakaiya,Bangladesh,iya
156,khulna,khulnaiya,Bangladesh,iya
187,amritsar,amritsariya,India,iya
274,jalandhar,jalandhariya,India,iya
416,darbhanga,darbhangiya,India,iya
424,rohtak,rohtakiya,India,iya
443,alwar,alwariya,India,iya
447,sambalpur,sambalpuriya,India,iya
617,pathankot,pathankotiya,India,iya
671,ghazipur,ghazipuriya,India,iya
951,chhapra,chaprahiya,India,iya
1178,pithoragarh,pithoragarhiya,India,iya
1204,sujanpur,sujanpuriya,India,iya
2040,rajshahi,rajshahiya,,iya
2968,jamalpur,jamalpuriya,Bangladesh,iya
3277,hailakandi,hailakandiya,India,iya
3287,kareli,kareliya,India,iya
3303,kanpur,kanpuriya,India,iya
3312,phulwar,phulwariya,India,iya
3323,sathmalpur,sambalpuriya,India,iya
3326,gidhaura,gidhauriya,India,iya
3343,dholbaja,dholbajiya,India,iya
3350,chhapera,chaprahiya,India,iya
204,bogor,bogorian,Indonesia,ian
186,ulsan,ulsanian,South Korea,ian
473,stockport,stopfordian,United Kingdom,ian
2476,calgary,calgarian,,ian
2115,waterloo,waterluvian,,ian
245,vatican city,vaticanian,Vatican City,ian
554,cosenza,cosentians,Italy,ian
2484,chester,cestrian,,ian
1083,arsikere,arsikerian,India,ian
2530,paris,parisian,,ian
2528,new orleans,new orleanian,,ian
635,abohar,aboharias,India,ian
2098,timaru,timaruvian,,ian
2521,mckinney,mckinnian,,ian
2964,albacete,albacetian,Spain,ian
2506,iowa city,iowa citian,,ian
1899,duluth,duluthian,,ian
723,charlottesville,charlottesvillian,United States,ian
2548,sicily,sicilian,,ian
59,boston,bostonian,United States,ian
331,knoxville,knoxvillian,United States,ian
1897,diyarbakir,diyarbakirian,,ian
1194,galveston,galvestonian,United States,ian
2889,yanggok,yangkokian,South Korea,ian
2458,ayeyarwady,ayeyarwadian,,ian
180,jacksonville,jacksonvillian,United States,ian
3115,north merrick,north merokian,United States,ian
2551,stockport,stopfordian,,ian
2497,greenville,greenvillian,,ian
41,houston,houstonian,United States,ian
189,aligarh,aligarian,India,ian
3292,vadippatti,vadipattian,India,ian
429,coventry,coventrian,United Kingdom,ian
2020,palmerston,palmerstonian,,ian
2045,red deer,red deerian,,ian
1884,chilliwack,chilliwackian,,ian
445,huntsville,huntsvillian,United States,ian
775,anuradhapura,anuradhapurian,Sri Lanka,ian
2514,lesbos,lesbian,,ian
2111,ville platte,ville platian,,ian
236,gibraltar,gibraltarian,Gibraltar,ian
1934,holon,holonian,,ian
1991,moose jaw,moose javian,,ian
219,vilnius,vilnian,Lithuania,ian
75,athens,athenian,Greece,ian
3061,handeni,handenian,Tanzania,ian
759,yambol,yambolian,Bulgaria,ian
2444,grenada,grenadian,,ian
3149,etawa,etawian,India,ian
877,kurunegala,kurunegalians,Sri Lanka,ian
809,waterford,waterfordian,Ireland,ian
3305,vennandur,vennandurian,India,ian
1579,forfar,forfarian,United Kingdom,ian
2052,rhodes,rhodian,,ian
3230,cedar hill,cedarhillian,United States,ian
2519,madrid,madrilenian,,ian
1836,albany,albanian,,ian
3068,barrow,barrovian,United Kingdom,ian
1889,dalaman,dalamanian,,ian
2979,harrow,harrovian,United Kingdom,ian
1459,corinth,corinthian,United States,ian
2505,scilly,scillonian,,ian
2082,spoleto,spoletian,,ian
1880,chelmsford,chelmsfordian,,ian
2547,shrewsbury,salopian,,ian
772,runcorn,runcornian,United Kingdom,ian
1962,leeds,leodensian,,ian
1552,bolivia,bolivian,Cuba,ian
2011,omak,omakian,,ian
1722,grand rapids,grand rapidian,United States,ian
3155,dhuburi,dhubrian,India,ian
3325,puduvayal,puduvayalian,India,ian
553,luxor,luxorian,Egypt,ian
2929,etawah,etawian,India,ian
2542,rockwall county,rockwallian,,ian
3307,dirba,dirbian,India,ian
510,saskatoon,saskatonian,Canada,ian
2461,bareilly,bareillia,,ian
1881,cheltenham,cheltonian,,ian
2560,wellington,wellingtonian,,ian
904,arbroath,arbroathian,United Kingdom,ian
2490,darwin,darwinian,,ian
2543,saint petersburg,saint petersburgians,,ian
1984,megara,megarian,,ian
2494,edmonton,edmontonian,,ian
2477,canary,canarian,,ian
1986,memphis,memphian,,ian
1929,hanover,hanoverian,,ian
2545,saskatoon,saskatonian,,ian
2482,cedar rapids,cedar rapidian,,ian
273,tucson,tucsonian,United States,ian
1371,sevenoaks,sennockian,United Kingdom,ian
2504,houston,houstonian,,ian
1952,kingston,kingstonian,,ian
3250,svishtov,svishtovian,Bulgaria,ian
2449,palestine,palestinian,,ian
423,scranton,scrantonian,United States,ian
779,wellingborough,wellingburian,United Kingdom,ian
2754,reading,readingensian,,ian
2031,port moresby,port moresbian,,ian
66,busan,busanian,South Korea,ian
2965,barrie,barrian,Canada,ian
2486,chittagong,chittagonian,,ian
1838,almera,almerian,,ian
1706,healdsburg,healdsburgian,United States,ian
1891,darwin,darwinian,,ian
1905,erzurum,erzurumian,,ian
120,san antonio,san antonian,United States,ian
2108,van,vanian,,ian
712,roubaix,roubaisian,France,ian
541,deltona,deltonian,United States,ian
291,nottingham,nottinghamian,United Kingdom,ian
2456,argyll,argathelian,,ian
1864,bolton,boltonian,,ian
3162,widnes,widnesian,United Kingdom,ian
2941,evansville,evansvillian,United States,ian
1951,kayseri,kayserian,,ian
2440,ecuador,ecuadorian,,ian
2532,perak,perakian,,ian
2035,preston,prestonian,,ian
1933,hobart,hobartian,,ian
607,chittoor,chitoorian,India,ian
2107,tyre,tyrian,,ian
1851,ashkelon,ashkelonian,,ian
2479,cape town,capetonian,,ian
1565,lewes,lewesian,United Kingdom,ian
19,paris,parisian,France,ian
622,dibrugarh,dibrugarhian,India,ian
2537,podgorica,podgorician,,ian
498,plymouth,plymothian,United Kingdom,ian
2553,tanintharyi,tanintharian,,ian
958,carnoustie,carnoustian,United Kingdom,ian
2508,kachin,kachinian,,ian
663,colchester,colcestrian,United Kingdom,ian
1489,oregon,oregonian,United States,ian
2933,mckinney,mckinnian,United States,ian
2523,memphis,memphian,,ian
2944,tiptur,tipturians,India,ian
668,blackburn,blackburnian,United Kingdom,ian
2533,peterborough,peterborian,,ian
482,ismailia,ismailian,Egypt,ian
203,changwon,changwonian,South Korea,ian
285,krakow,cracovian,Poland,ian
1490,kittur,kitturian,India,ian
952,bartica,bartician,Guyana,ian
1904,epidaurus,epidaurian,,ian
1958,lancaster,lancastrian,,ian
1902,eilat,eilatian,,ian
479,bradford,bradfordian,United Kingdom,ian
2469,boston,bostonian,,ian
3163,reston,restonian,United States,ian
2546,savannah,savannahian,,ian
2985,sibiu,sibian,Romania,ian
2443,gibraltar,gibraltarian,,ian
2534,phoenix,phoenician,,ian
2493,duluth,duluthian,,ian
1076,hengelo,hengolian,Netherlands,ian
1560,leixlip,leixlipian,Ireland,ian
3346,baghduma,baghdumian,India,ian
2962,barakpur,barrakpurian,India,ian
2025,peterborough,peterbourian,,ian
2039,pylos,pylian,,ian
593,silchar,silcharian,India,ian
2555,thrace,thracian,,ian
2014,oshawa,oshawian,,ian
1152,chalkida,chalcidian,Greece,ian
2556,towcester,towcestrian,,ian
2433,belarus,belarusian,,ian
2470,bracknell,bracknellian,,ian
2524,michigan,michiganians,,ian
2562,yukon,yukonian,,ian
2495,fort worth,fort worthian,,ian
2437,cayman islands,caymanian,,ian
2552,swindon,swindonian,,ian
791,florida,floridian,Argentina,ian
1896,devonport,devonportian,,ian
2450,peru,peruvian,,ian
3355,navipet,navipetian,India,ian
2471,bradford,bradfordian,,ian
3297,jevargi,jevargian,India,ian
2507,jessup,jessupian,,ian
2049,reykjavi­k,reykjavikian,,ian
2453,ukraine,ukrainian,,ian
1853,balikesir,balikesirian,,ian
1287,bartlesville,bartian,United States,ian
1948,kansas city,kansas citian,,ian
2430,azerbaijan,azerbaijanians,,ian
2047,rethymno,rethymnian,,ian
814,worksop,worksopian,United Kingdom,ian
929,greystones,greystonian,Ireland,ian
2030,ponferrada,ponferradian,,ian
2540,rochdale,rochdalian,,ian
2983,lake charles,lake charlesian,United States,ian
1123,bundaberg,bundabergian,Australia,ian
2457,athens,athenian,,ian
2549,solihull,silhillian,,ian
737,chester,cestrian,United Kingdom,ian
2510,kingston,kingstonian,,ian
2539,rivers state,riverian,,ian
1248,charlottetown,charlottetonian,Canada,ian
2503,hesse,hessian,,ian
329,glasgow,glaswegian,United Kingdom,ian
3101,milford,milfordian,United Kingdom,ian
472,montpellier,montpellirian,France,ian
2455,alabama,alabamian,,ian
565,hagerstown,hagerstonian,United States,ian
2093,taunton,tauntonian,,ian
1912,finchley,finchleian,,ian
1839,alpine,alpinian,,ian
128,brussels,brusselian,Belgium,ian
267,fort worth,fort worthian,United States,ian
233,wellington,wellingtonian,New Zealand,ian
1874,cardiff,cardiffian,,ian
1475,baroda,barodian,India,ian
2536,port harcourt,harcourtian,,ian
2483,chelmsford,chelmsfordian,,ian
2016,oswestry,oswestrian,,ian
652,brighton,brightonian,United Kingdom,ian
347,bristol,bristolian,United Kingdom,ian
2083,springfield,springfieldian,,ian
2512,lancashire,lancastrian,,ian
2518,madison,madisonian,,ian
1895,derry,derrian,,ian
319,sargodha,sargodhian,Pakistan,ian
2527,new guinea,new guinian,,ian
1978,marathon,marathonian,,ian
2454,aarhus,aarhusian,,ian
2119,wythenshawe,wythenshavian,,ian
2550,south carolina,south carolinian,,ian
55,izmir,izmirian,Turkey,ian
2428,yuma,yumian,,ian
2984,naperville,napervillian,United States,ian
704,salford,salfordian,United Kingdom,ian
2034,portsmouth,portsmouthian,,ian
2561,wilmington,wilmingtonian,,ian
2001,nassau,nassuvian,,ian
1879,charleston,charlestonian,,ian
694,nawada,nawadian,India,ian
2464,belgrade,belgradian,,ian
2007,northampton,northamptonian,,ian
434,pensacola,pensacolian,United States,ian
339,tumkur,tumkurian,India,ian
246,bareilly,bareillian,India,ian
2439,comoros,comorian,,ian
2499,harrow,harrovian,,ian
1954,kocaeli,kocaelian,,ian
2980,champaign,champaignian,United States,ian
230,cape town,capetonian,South Africa,ian
2529,north carolina,north carolinian,,ian
2043,rangpur,rongpuri  rangpuri,,ian
2432,barbados,barbadians,,ian
2460,ballarat,ballaratian,,ian
1849,armidale,armidilian,,ian
2958,richmond hill,richmond hillian,Canada,ian
1369,redondela,redondeian,Spain,ian
440,antofagasta,antofagastian,Chile,ian
1271,waxahachie,waxahachian,United States,ian
1136,kazanlak,kazanlakian,Bulgaria,ian
3244,sainthia,sainthian,India,ian
102,baku,bakuvian,Azerbaijan,ian
2498,hamilton,hamiltonian,,ian
3118,northbrook,northbrookian,United States,ian
459,asheville,ashevillan,United States,ian
2472,brighton,brightonian,,ian
166,rajkot,rajkotian,India,ian
1834,aarhus,aarhusian,,ian
313,wroclaw,wroclawian,Poland,ian
3084,port chester,port chesterian,United States,ian
2541,rockwall,rockwallian,,ian
2009,oakbank,oakbankian,,ian
2451,saint vincent,vincentian,,ian
2930,puducherry,puducherrian,India,ian
2509,kansas city,kansas citian,,ian
2059,saint helier,saint helian,,ian
1979,mardin,mardinian,,ian
1993,mugla,mughlanian,,ian
2467,blackpool,blackpudlian,,ian
3077,park ridge,park ridgian,United States,ian
2113,washington  d c,washingtonian,,ian
3310,belari,ballarians,India,ian
3081,huntington,huntingtonian,United States,ian
2475,burgundy,burgundian,,ian
2522,melbourne,melburnian,,ian
2441,egypt,egyptian,,ian
1956,kuala lumpur,kuala lumpurian,,ian
1848,armagh,armachian,,ian
326,benghazi,benghazian,Libya,ian
2010,oamaru,oamaruvian,,ian
1927,halifax,haligonian,,ian
2481,catalonia,catalonian,,ian
2431,bahamas,bahamian,,ian
726,kamloops,kamloopsian,Canada,ian
361,agartala,agartalian,India,ian
11,lagos,lagosian,Nigeria,ian
3299,muttupet,muthupettaiyan,India,ian
343,bakersfield,bakersfieldian,United States,ian
540,tumaco,tumaquian,Colombia,ian
1967,liberal,liberarian,,ian
261,new orleans,new orleanian,United States,ian
2435,brazil,brazilian,,ian
2538,prince george s county,prince georgian,,ian
620,jorhat,jorhatian,India,ian
2511,laguna,lagunians,,ian
3221,sibsagar,sivsagarian,India,ian
348,asansol,asansolians,India,ian
2517,louisville,louisvillian,,ian
2436,cameroon,cameroonian,,ian
2085,swindon,swindonian,,ian
159,belgrade,belgradian,Serbia,ian
2487,christchurch,christchurchian,,ian
600,idlib,idlibian,Syria,ian
2559,washington,washingtonian,,ian
2445,iran,iranian,,ian
1862,bnei brak,bnei brakian,,ian
2500,hartlepool,hartlepudlian,,ian
3322,ratnapuram,ratnapurian,India,ian
1250,pahrump,pahrumpian,United States,ian
2478,canterbury,cantabrian,,ian
3295,mangaldai,mangaldaian,India,ian
2491,dayton,daytonian,,ian
2094,tauranga,taurangian,,ian
372,tinnevelly,tirunelvelian,India,ian
2535,plymouth,plymothian,,ian
346,durgapur,durgapurian,India,ian
1882,chesterfield,cestrefeldian,,ian
1921,gosford,gosfordian,,ian
3342,halgur,halagurian,India,ian
1917,germiston,germistonian,,ian
1870,cambridge,cantabrigian,,ian
415,kakinada,kakinadian,India,ian
342,brampton,bramptonian,Canada,ian
2516,lexington,lexingtonian,,ian
2054,rochester,rochesterian,,ian
2114,waterbury,waterburian,,ian
198,chandigarh,chandigarhian,India,ian
2485,chin state,chinian,,ian
1847,arlington,arlingtonian,,ian
2448,maldives,maldivian,,ian
1928,hamilton,hamiltonian,,ian
2557,truro,truronian,,ian
2465,bermuda,bermudian,,ian
3023,duluth,duluthian,United States,ian
2515,lethbridge,lethbridgian,,ian
2429,artsakh,artsakhian,,ian
2480,castile,castilian,,ian
1667,grenada,grenadian,United States,ian
1168,fredericton,frederictonian,Canada,ian
1720,peru,peruvian,United States,ian
2531,perlis,perlisian,,ian
699,quezon,quezonian,Philippines,ian
2544,sarawak,sarawakian,,ian
596,valsad,valsadians,India,ian
2502,herzegovina,herzegovinian,,ian
2002,nelson,nelsonian,,ian
944,kukes,kuksian,Albania,ian
3356,belhatti,belhattian,India,ian
195,nashville,nashvillian,United States,ian
1918,ghent,ghentian,,ian
502,derby,derbeian,United Kingdom,ian
729,kohima,kohimian,India,ian
2442,ghana,ghanaian,,ian
2520,maharashtra,maharashtrians,,ian
3267,golaghat,golaghatian,India,ian
707,jalpaiguri,jalpaigurians,India,ian
107,las vegas,las vegan,United States,an
588,ontario,ontarian,United States,an
2186,latvia,latvian,,an
2257,carinthia,carinthian,,an
202,voronezh,voronezhan,Russia,an
1234,manacor,manacoran,Spain,an
2315,ontario,ontarian,,an
2361,baltimore,baltimorean,,an
2191,malaysia,malaysian,,an
2291,malacca,malaccan,,an
1831,pilibhit,pilbhitian,India,an
2249,bangka island,bangkan,,an
2218,serbia,serbian,,an
2399,ngawi city,ngawian,,an
2327,slavonia,slavonian,,an
2185,laos,laos,,an
1977,maputo,maputan,,an
2357,alexandria,alexandrian,,an
43,nairobi,nairobian,Kenya,an
328,mangalore,mangalorean,India,an
2164,estonia,estonian,,an
2409,salem,salemian,,an
2393,mecca,meccan,,an
2290,madeira,madeiran,,an
106,harare,hararean,Zimbabwe,an
2422,toledo  ohio,toledoan,,an
2134,central america,central american,,an
2328,south australia,south australian,,an
36,singapore,singaporean,Singapore,an
117,orlando,orlandoan,United States,an
2256,canterbury,cantabrian,,an
512,thoothukudi,thoothukudian,India,an
2235,uruguay,uruguayan,,an
2150,brunei,bruneian,,an
550,amarillo,amarilloan,United States,an
2080,soweto,sowetan,,an
2320,pennsylvania,pennsylvanian,,an
2228,tanzania,tanzanian,,an
177,honduras,honduran,United States,an
2163,eritrea,eritrean,,an
2141,angola,angolan,,an
171,adelaide,adelaidean,Australia,an
71,san francisco,san franciscan,United States,an
2415,sioux city,sioux cityan,,an
2062,salvador,salvadoran,,an
2237,venezuela,venezuelan,,an
2426,valencia,valencian,,an
2128,antarctica,antarctican,,an
2091,tartu,tartuan,,an
2178,israel,israeli,,an
2910,timisoara,timisorean,Romania,an
3176,alcoy,alcoyan,Spain,an
2350,wallachia,wallachian,,an
2165,ethiopia,ethiopian,,an
2306,new jersey,new jerseyan,,an
2407,rome,roman,,an
2151,bulgaria,bulgarian,,an
2995,curico,curican,Chile,an
2406,riga,rigan,,an
2405,regina,reginan,,an
2205,nigeria,nigerian,,an
2075,shkoder,shkodran,,an
2232,tuvalu,tuvaluan,,an
2155,chile,chilean,,an
2367,charlotte,charlottean,,an
2162,el salvador,salvadoran,,an
2182,north korea,north korean,,an
2272,hebrides,hebridean,,an
1231,manvi,manvian,India,an
2389,liverpool,liverpudlian,,an
2190,malawi,malawian,,an
897,mytilini,mytilenian,Greece,an
2254,brittany,breton,,an
2392,manila,manilans,,an
2209,paraguay,paraguayan,,an
2129,asia,asian,,an
2258,colorado,coloradan,,an
2275,indiana,hoosier,,an
2213,russia,russian,,an
2401,ottawa,ottawan,,an
2380,hanoi,hanoian,,an
2214,rwanda,rwandans,,an
2219,sierra leone,sierra leonean,,an
2352,west papua,west papuan,,an
2244,andalusia,andalusian,,an
227,bratislava,bratislavan,Slovakia,an
2149,botswana,botswanan,,an
2335,tahiti,tahitian,,an
2203,nauru,nauruan,,an
2374,danu,danuan,,an
2425,utica,utican,,an
481,vigo,vigoan,Spain,an
2081,sparta,spartan,,an
2381,hobart,hobartian,,an
2259,corsica,corsican,,an
70,dubai,dubaian,United Arab Emirates,an
2331,sumatra,sumatran,,an
2317,otago,otagan,,an
2168,gambia,gambian,,an
2160,czech republic,czech,,an
2187,liberia,liberian,,an
2194,mexico,mexican,,an
79,kyiv,kyivan,Ukraine,an
2412,san francisco,san franciscan,,an
1932,hatay,hatayan,,an
1184,mali,malian,China,an
243,monaco,monacan,Monaco,an
2362,bath,bathonian,,an
2177,indonesia,indonesian,,an
2893,baton rouge,baton rougean,United States,an
3153,ferrol,ferrolan,Spain,an
2208,papua new guinea,papua new guinean,,an
2391,manchester,mancunian,,an
2220,singapore,singaporean,,an
2403,pisa,pisan,,an
2204,nicaragua,nicaraguan,,an
1326,dumalinao,dumalinaoan,Philippines,an
2300,missouri,missourian,,an
2173,haiti,haitian,,an
2333,sumbawa,sumbawan,,an
2157,costa rica,costa rican,,an
27,hanoi,hanoian,Vietnam,an
1456,colorado,coloradan,Brazil,an
2366,canberra,canberran,,an
714,ourense,ourensan,Spain,an
2263,dalmatia,dalmatian,,an
2133,south america,south american,,an
2339,tennessee,tennessean,,an
1860,benevento,beneventan,,an
2153,cambodia,cambodian,,an
2348,waikato,waikatorian,,an
2411,san diego,san diegan,,an
2424,tulsa,tulsan,,an
1861,bengeo,bengean,,an
2284,kedah,kedahan,,an
634,larisa,larissean,Greece,an
151,abu dhabi,abu dhabian,United Arab Emirates,an
232,sarajevo,sarajevan,Bosnia and Herzegovina,an
2154,canada,canadian,,an
2132,north america,north american,,an
2265,district of columbia,washingtonian,,an
2212,romania,romanian,,an
2192,mali,malian,,an
602,kandy,kandyan,Sri Lanka,an
2308,newfoundland,newfoundlander,,an
2281,kansas,kansan,,an
2398,naypyidaw,naypyidawan,,an
2322,samogitia,samogitian,,an
2276,iowa,iowan,,an
2363,bristol,bristolian,,an
2260,crete,cretan,,an
2135,americas,american,,an
2156,colombia,colombian,,an
2351,western australia,western australian,,an
2278,java,javans,,an
2233,uganda,ugandan,,an
2238,zambia,zambian,,an
1259,delaware,delawarean,United States,an
2384,izmir,izmirian,,an
2229,tonga,tongan,,an
2139,algeria,algerian,,an
2385,kalamazoo,kalamazooan,,an
2324,sardinia,sardinians,,an
2301,moluccas,moluccan,,an
2364,brockton,brocktonian,,an
2193,mauritania,mauritanian,,an
2282,karelia,karelian,,an
2326,silesia,silesian,,an
2344,umbria,umbrian,,an
2312,nova scotia,nova scotian,,an
2087,syracuse,syracusan,,an
2189,lithuania,lithuanian,,an
2404,pueblo,puebloan,,an
2311,northwest territories,northwest territorian,,an
2332,sumba,sumban,,an
3057,san leandro,san leandran,United States,an
2330,styria,styrian,,an
2243,algarve,algarvian,,an
2899,santa fe,santa fean,Argentina,an
2174,honduras,honduran,,an
2146,belize,belizean,,an
2207,palau,palauan,,an
2268,galicia,galician,,an
2242,alberta,albertan,,an
2097,thebes,theban,,an
2130,australia,australian,,an
2234,united states,american,,an
2386,kyiv,kyivan,,an
2309,normandy,norman,,an
2137,afghanistan,afghan,,an
2378,galway,galwegian,,an
2046,regina,reginan,,an
2341,thuringia,thuringian,,an
2143,armenia,armenian,,an
2334,syrmia,syrmian,,an
302,fresno,fresnan,United States,an
2420,tauranga,taurangian,,an
586,cuddalore,cuddalorean,India,an
2293,mandalay,mandalayan,,an
1244,mankato,mankatoan,United States,an
2252,borneo,bornean,,an
2196,moldova,moldovan,,an
2169,georgia,georgian,,an
83,minneapolis,minneapolitan,United States,an
224,san salvador,sansalvadoran,El Salvador,an
174,helsinki,helsinkian,Finland,an
2180,kenya,kenyan,,an
2152,burundi,burundian,,an
2365,bogotá,bogotan,,an
2314,oklahoma,oklahoman,,an
2231,turkey,turk,,an
1855,baton rouge,baton rougean,,an
390,kurnool,kurnoolian,India,an
2250,bavaria,bavarian,,an
2343,transylvania,transylvanian,,an
2394,medina,medinan,,an
2188,libya,libyan,,an
281,thessaloniki,thessalonian,Greece,an
2356,adelaide,adelaidean,,an
2216,samoa,samoan,,an
2292,majorca,majorcan,,an
2264,delaware,delawarean,,an
2379,glasgow,glaswegian,,an
39,miami,miamian,United States,an
2266,extremadura,extremaduran,,an
2410,san antonio,san antonian,,an
1900,east troy,east trojan,,an
2236,vanuatu,vanuatuan,,an
2390,madera,maderan,,an
2223,somalia,somali,,an
2181,kiribati,kiribatian,,an
1875,carlisle,carlislian,,an
2302,montana,montanan,,an
2225,sri lanka,sri lankan,,an
543,panabo,panaboan,Philippines,an
350,nellore,nellorean,India,an
217,riga,rigan,Latvia,an
2277,jakarta,jakartan,,an
2337,taranaki,taranakian,,an
2210,persia,persian,,an
2408,sacramento,sacramentan,,an
173,rosario,rosar an,Argentina,an
3298,palakodu,palakkadan,India,an
2240,abkhazia,abkhazian,,an
2270,gaza strip,gazan,,an
2298,minnesota,minnesotan,,an
2172,guinea,guinean,,an
2388,las vegas,las vegan,,an
2148,bosnia,bosnian,,an
544,solihull,silhillian,United Kingdom,an
2145,barbuda,barbudan,,an
2138,albania,albanian,,an
73,san diego,san diegan,United States,an
2336,tamil nadu,tamila,,an
551,coquimbo,coquimban,Chile,an
2310,north dakota,north dakotan,,an
88,lisbon,lisboan,Portugal,an
2166,fiji,fijian,,an
280,honolulu,honolulan,United States,an
2419,surabaya,surabayan,,an
2370,cincinnati,cincinnatian,,an
2226,kitts,kittitians  nevisian,,an
2289,louisiana,louisianan,,an
2396,milwaukee,milwaukeean,,an
2347,virginia,virginian,,an
2246,arkansas,arkansan,,an
2217,saudi arabia,saudi arabian,,an
2222,slovenia,slovenian,,an
2305,nevada,nevadan,,an
2417,sofia,sofian,,an
2261,crimea,crimean,,an
3341,kannamangalam,kannamangalan,India,an
2418,st  louis,st  louisan,,an
2313,ohio,ohioan,,an
2360,atlanta,atlantan,,an
2279,johor,johorean,,an
2211,puerto rico,puerto rican,,an
2171,guatemala,guatemalan,,an
292,albuquerque,albuquerquean,United States,an
2227,syria,syrian,,an
2200,mozambique,mozambican,,an
2319,patagonia,patagonian,,an
2269,galilee,galilean,,an
2019,paducah,paducahan,,an
404,aomori,aomorian,Japan,an
25,chicago,chicagoan,United States,an
3067,south san francisco,south san franciscan,United States,an
368,kitwe,kitwean,Zambia,an
1182,asturias,asturian,Philippines,an
2215,saint lucia,saint lucian,,an
223,djibouti,djiboutian,Djibouti,an
2273,idaho,idahoan,,an
2376,dundee,dundonian,,an
1362,mundi,mundian,India,an
2349,wake island,wakean,,an
2924,temuco,temucan,Chile,an
392,melaka,malaccan,Malaysia,an
2355,aberdeen,aberdonian,,an
2274,illinois,illinoisan,,an
2251,bohemia,bohemian,,an
84,malang,malangan,Indonesia,an
2325,saskatchewan,saskatchewanians,,an
1322,kos,koan,Greece,an
2397,minneapolis,minneapolitan,,an
2283,kayah state,kayahan,,an
2176,india,indian,,an
2338,tasmania,tasmanians,,an
3239,san luis obispo,san luis obispan,United States,an
2144,austria,austrian,,an
2316,oregon,oregonian,,an
3050,geita,geitan,Tanzania,an
2329,south dakota,south dakotan,,an
2253,british columbia,british columbian,,an
405,boise,boisean,United States,an
2373,coventry,coventrian,,an
373,johor bahru,johor bahruans,Malaysia,an
2184,kosovo,kosovan,,an
2199,morocco,moroccan,,an
3289,kangayam,kangeyan,India,an
2197,mongolia,mongolian,,an
2179,jamaica,jamaican,,an
474,tampico,tampican,Mexico,an
362,ndola,ndolean,Zambia,an
2354,wisconsin,wisconsinite,,an
2245,arizona,arizonan,,an
2262,cumbria,cumbrian,,an
140,semarang,semarangan,Indonesia,an
2323,sabah,sabahan,,an
2170,germany,german,,an
2286,kerala,keralit,,an
2201,myanmar,myanman,,an
2395,miami,miamian,,an
2303,moravia,moravian,,an
2423,tucson,tucsonan,,an
2353,westphalia,westphalian,,an
2267,florida,floridan,,an
2318,papua,papuan,,an
2159,cuba,cuban,,an
2140,andorra,andorran,,an
2161,dominican republic,dominican,,an
2369,chicago,chicagoan,,an
1894,denizli,denizlian,,an
2382,indianapolis,indianapolitan,,an
1320,puerto rico,puerto rican,Colombia,an
2340,texas,texan,,an
2224,south africa,south african,,an
2131,europe,european,,an
3354,malangam,malangan,India,an
131,cincinnati,cincinnatian,United States,an
2198,monaco,monacan,,an
730,galle,galleans,Sri Lanka,an
2038,provo,provoan,,an
2280,judea,judean,,an
2358,albuquerque,albuquerqueans,,an
3195,belampalli,bellampallian,India,an
1909,fargo,fargoan,,an
935,canovellas,canovelli,Spain,i
992,nadur,naduri,Malta,i
2834,tajikistan,tajikistani,,i
3344,golakpur,gorakhpuri,India,i
957,naxxar,naxxari,Malta,i
2860,sylhet,sylheti,,i
2850,faridabad,faridabad,,i
290,homs,homsi,Syria,i
175,jabalpur,jabalpuri,India,i
2937,szeged,szegedi,Hungary,i
1601,alginet,algineti,Spain,i
192,fes,fassi,Morocco,i
132,mosul,mosuli,Iraq,i
621,hajipur,hajipuri,India,i
1000,gharghur,gharghuri,Malta,i
531,sambhal,sambhali,India,i
615,bharuch,bharuchi,India,i
35,baghdad,baghdadi,Iraq,i
2833,qatar,qatari,,i
495,ratlam,ratlami,India,i
1004,xghajra,xghajri,Malta,i
2849,dagestan,dagestan,,i
918,mosta,mosti,Malta,i
592,ratnapura,ratanpuri,Sri Lanka,i
1210,kapadvanj,kapadvanji,India,i
3041,firozpur,firozpuri,India,i
210,islamabad,islamabadi,Pakistan,i
72,faisalabad,faisalabadi,Pakistan,i
257,kermanshah,kermashahi,Iran,i
184,srinagar,srinagari,India,i
355,samarkand,samarkandi,Uzbekistan,i
3332,laxmipur,laxmipuri,India,i
1007,sannat,sannati,Malta,i
2844,barisal,barisali,,i
461,kasur,kasuri,Pakistan,i
3318,bhadarwah,bhaderwahi,India,i
3012,salmas,salmasi,Iran,i
696,fasa,fasa i,Iran,i
323,bhavnagar,bhavnagari,India,i
2829,kuwait,kuwaiti,,i
722,bahrain,bahraini,Pakistan,i
2125,zintan,zintani,,i
181,varanasi,banarasi,India,i
2840,allahabad,allahabadi,,i
1292,udhampur,udhampuri,India,i
1992,morphou,morfiti,,i
20,hyderabad,hyderabadi,India,i
715,girona,gironi,Spain,i
377,sylhet,sylheti,Bangladesh,i
2990,mandsaur,mandsauri,India,i
1391,almazora,almassorai,Spain,i
972,balzan,balzani,Malta,i
941,zabbar,zabbari,Malta,i
2841,azawad,azawadi,,i
259,marrakech,marrakshi,Morocco,i
1744,nagyatad,nagyatadi,Hungary,i
537,monghyr,mungeri,India,i
145,tabriz,tabrizi,Iran,i
2838,uzbekistan,uzbekistani,,i
1497,keszthely,keszthelyi,Hungary,i
229,beirut,beiruti,Lebanon,i
69,mashhad,mashhadi,Iran,i
3333,jagannathpur,jagannathpuri,India,i
2960,kecskemet,kecskemeti,Hungary,i
37,allahbad,allahabadi,India,i
183,medina,medani,Saudi Arabia,i
2847,bharat,bharatiy,,i
3321,mansapur,manaspuri,India,i
2845,beirut,beiruti,,i
34,surat,surati,India,i
211,raipur,raipuri,India,i
3300,barhampur,berhampuri,India,i
2853,hyderabad,hyderabadi,,i
2969,baramula,baramulli,India,i
2852,hazara,hazaragi,,i
1346,mahemdavad,mahemdavadi,India,i
68,lucknow,lakhnawi,India,i
549,zanzibar,zanzibari,Tanzania,i
1995,mymensingh,mymensingh,,i
3144,mansehra,mansehri,Pakistan,i
3002,veszprem,veszpremi,Hungary,i
15,tehran,tehrani,Iran,i
3178,zahirabad,zahirabadi,India,i
2861,yorkshire,yorkie,,i
628,miskolc,miskolci,Hungary,i
2907,ganca,gancai,Azerbaijan,i
570,jhelum,jhelumi,Pakistan,i
360,ardabil,ardabili,Iran,i
2837,united arab emirates,emirati,,i
311,gorakhpur,gorakhpuri,India,i
1766,panjab,punjabi,Afghanistan,i
157,faridabad,faridabadi,India,i
2859,sindh,sindhi,,i
2855,lahore,lahori,,i
878,salgotarjan,salgotarjani,Hungary,i
300,kerman,kermani,Iran,i
3022,sopur,sopori,India,i
378,jamnagar,jamnagari,India,i
991,xaghra,xaghri,Malta,i
2891,sialkot,sialkoti,Pakistan,i
359,yazd,yazdi,Iran,i
2842,azra,azragi,,i
3257,mahbubabad,mahabubabadi,India,i
29,ahmedabad,amdavadi,India,i
1088,basavakalyan,basavakalyani,India,i
486,karimnagar,karimnagari,India,i
2830,kyrgyzstan,kyrgyzstani,,i
3220,tadmur,tadmuri,Syria,i
2913,nizamabad,nizamabadi,India,i
3290,dinanagar,dinanagari,India,i
449,debrecen,debreceni,Hungary,i
875,paiporta,paiporti,Spain,i
255,solapur,solapuri,India,i
56,kabul,kabuli,Afghanistan,i
1215,lecco,lecchesi,Italy,i
977,birzebbuga,birzebbugi,Malta,i
922,fgura,fguri,Malta,i
3120,mqabba,mqabbi,Malta,i
3248,ellenabad,ellenabadi,India,i
971,zurrieq,zurrieqi,Malta,i
57,mogadishu,mogadishawi,Somalia,i
74,jaipur,jaipuri,India,i
528,nadiad,nadiadi,India,i
3056,netrakona,netrokoni,Bangladesh,i
2828,kazakhstan,kazakhstani,,i
124,multan,multani,Pakistan,i
2902,malerkotla,malerkotli,India,i
645,pakpattan,pakpattni,Pakistan,i
3103,bahagalpur,bhagalpuri,India,i
2831,nepal,nepali,,i
3348,bhagatpur,bhagatpuri,India,i
3264,maulavi bazar,moulvi bazari,Bangladesh,i
561,suhaj,sohagi,Egypt,i
488,dewas,dewasi,India,i
1140,palitana,palitani,India,i
452,bijapur,bijapuri,India,i
2978,veraval,veravali,India,i
3345,kharial,khariali,India,i
2935,gyor,gyori,Hungary,i
511,jessore,jashorie,Bangladesh,i
410,bhagalpur,bhagalpuri,India,i
964,zejtun,zejtuni,Malta,i
144,jamshedpur,jamshedpuri,India,i
496,szekesfehervar,szekesfehervari,Hungary,i
2857,rajasthan,rajasthani,,i
3329,shamshernagar,shamshernagari,India,i
3083,benetuser,benetussi,Spain,i
3116,gangapur,ganagapuri,India,i
2826,bangladesh,bangladeshi,,i
271,moradabad,moradabadi,India,i
2854,kumaon,kumaon,,i
3304,gandarbal,ganderbali,India,i
17,lahore,lahori,Pakistan,i
475,bihar,bihari,India,i
2846,bangladesh,bengali,,i
2827,iraq,iraqi,,i
2848,bihar,bihar,,i
1009,munxar,munxari,Malta,i
1003,imtarfa,mtarfi,Malta,i
1398,bandipura,bandipori,India,i
962,zebbug,zebbugi,Malta,i
3293,afzalpur,afzalpuri,India,i
684,osmanabad,osmanabadi,India,i
1697,muzaffarnagar,muzaffarnagri,India,i
3351,dharhwad,dharwadi,India,i
136,mecca,makki,Saudi Arabia,i
3099,balaungi,balaungiri,India,i
631,szombathely,szombathelyi,Hungary,i
1099,bethlehem,bethlehemi,United States,i
93,mirzapur,mirzapuri,India,i
979,mellieha,melliehi,Malta,i
3007,hoshangabad,hoshangabadi,India,i
1008,kercem,kercemi,Malta,i
1994,munich,munchner,,er
2715,puntland,puntlander,,er
1415,oliva,oliver,Spain,er
2699,london,londoner,,er
3180,doetinchem,doetinchemmer,Netherlands,er
917,aarau,aarauer,Switzerland,er
1919,godalming,godalminger,,er
2063,salzburg,salzburger,,er
1209,harderwijk,harderwijker,Netherlands,er
1970,linz,linzer,,er
879,molde,moldenser,Norway,er
933,westmount,westmounter,Canada,er
1235,naestved,naestveder,Denmark,er
2701,luxembourg,luxembourger,,er
1506,laives,leiferer,Italy,er
857,maassluis,maassluizer,Netherlands,er
2704,netherlands,netherlanders,,er
1510,kristiansund,kristiansunder,Norway,er
1382,heerenveen,heerenvener,Netherlands,er
2697,leipzig,leipziger,,er
1278,venlo,venloer,Netherlands,er
1363,culemborg,culemborger,Netherlands,er
869,bussum,bussumer,Netherlands,er
1775,farsund,farsunder,Norway,er
375,staten island,staten islander,United States,er
1472,bulach,bulacher,Switzerland,er
1390,nunspeet,nunspeter,Netherlands,er
945,arbon,arboner,Switzerland,er
65,montreal,montrealer,Canada,er
746,schiedam,schiedammer,Netherlands,er
1901,edinburgh,edinburger,,er
2730,zurich,zuricher,,er
1963,leipzig,leipziger,,er
825,beverwijk,beverwijker,Netherlands,er
2713,prague,praguer,,er
1693,leidschendam,leidschendammer,Netherlands,er
3090,melrose park,melrose parker,United States,er
1915,frankfurt,frankfurter,,er
384,salt lake city,salt laker,United States,er
135,cleveland,clevelander,United States,er
397,oakland,oaklander,United States,er
366,sheffield,sheffielder,United Kingdom,er
515,groningen,groninger,Netherlands,er
2084,sunshine coast,sunshine coaster,,er
221,quebec,quebecer,Canada,er
1129,cannock,cannocker,United Kingdom,er
2696,leeds,loiner,,er
2966,cape coast,cape coaster,Ghana,er
708,thunder bay,thunder bayer,Canada,er
1160,hardenberg,hardenberger,Netherlands,er
1859,belfast,belfaster,,er
2700,lorraine,lorrainer,,er
881,zug,zuger,Switzerland,er
514,sandnes,sandneser,Norway,er
1329,manises,maniser,Spain,er
1935,incheon,incheoner,,er
916,allschwil,allschwiler,Switzerland,er
2058,rye,ryer,,er
325,rotterdam,rotterdammer,Netherlands,er
3109,flower hill,flower hiller,United States,er
2051,richmond,richmonder,,er
2689,frankfurt,frankfurter,,er
1858,beijing,beijinger,,er
18,london,londoner,United Kingdom,er
32,hong kong,hongkonger,Hong Kong,er
889,leiderdorp,leiderdorper,Netherlands,er
575,basel,basler,Switzerland,er
1222,minot,minoter,United States,er
1499,yellowknife,yellowknifer,Canada,er
1920,gold coast,gold coaster,,er
2680,bucharest,bucharester,,er
1041,southport,sandgrounder,United Kingdom,er
963,meliana,melianer,Spain,er
2676,auckland,aucklander,,er
2681,budapest,budapester,,er
1212,waalwijk,waalwijker,Netherlands,er
431,youngstown,youngstowner,United States,er
1913,fort lauderdale,fort lauderdaler,,er
787,biel,bieler,Switzerland,er
2017,paddock lake,paddock laker,,er
1719,simpelveld,simpelvelter,Netherlands,er
130,pittsburgh,pittsburgher,United States,er
3196,tinley park,tinley parker,United States,er
333,gothenburg,gothenburger,Sweden,er
2908,fort wayne,fort wayner,United States,er
64,detroit,detroiter,United States,er
1458,woensdrecht,woensdrechter,Netherlands,er
389,pyeongtaek,pyeongtaeker,South Korea,er
1898,dresden,dresdener,,er
2679,berlin,berliner,,er
1725,fife,fifer,United States,er
792,new brunswick,new brunswicker,United States,er
1663,voerendaal,voerendaler,Netherlands,er
1531,niagara on the lake,niagara on the laker,Canada,er
2727,winnipeg,winnipegger,,er
2690,greenland,greenlanders,,er
860,chur,churer,Switzerland,er
3032,alkmaar,alkmaarder,Netherlands,er
821,thun,thuner,Switzerland,er
530,tilburg,tilburger,Netherlands,er
2008,nuremberg,nuremberger,,er
487,south bend,south bender,United States,er
1466,leerdam,leerdammer,Netherlands,er
228,tallinn,tallinner,Estonia,er
2688,fife,fifer,,er
2684,copenhagen,copenhagener,,er
927,adliswil,adliswiler,Switzerland,er
485,graz,grazer,Austria,er
2710,oakland,oaklander,,er
597,haarlem,haarlemmer,Netherlands,er
1137,nieuwegein,nieuwegeiner,Netherlands,er
2712,pittsburgh,pittsburgher,,er
2033,portland,portlander,,er
527,singkawang,singkawanger,Indonesia,er
1914,fort wayne,fort wayner,,er
2106,twin lakes,twin laker,,er
54,berlin,berliner,Germany,er
1273,gorinchem,gorkumer,Netherlands,er
735,amstelveen,amstelvener,Netherlands,er
1595,woudrichem,woudrichemmer,Netherlands,er
2728,yellowknife,yellowknifer,,er
2694,iceland,icelanders,,er
2921,shreveport,shreveporter,United States,er
612,amersfoort,amersfoorter,Netherlands,er
2053,roanoke,roanoker,,er
925,alblasserdam,alblasserdammer,Netherlands,er
394,zurich,zuricher,Switzerland,er
2719,rhode island,rhode islander,,er
85,stuttgart,stuttgarter,Germany,er
2675,amsterdam,amsterdammer,,er
1328,aalsmeer,aalsmeerder,Netherlands,er
1089,roosendaal,roosendaler,Netherlands,er
934,solothurn,solothurner,Switzerland,er
2724,stuttgart,stuttgarter,,er
2729,york  uk,yorker,,er
1036,hilversum,hilversummer,Netherlands,er
94,hamburg,hamburger,Germany,er
142,stockholm,stockholmer,Sweden,er
768,katwijk,katwijker,Netherlands,er
2716,quebec,quebecker,,er
1570,nuth,nutter,Netherlands,er
167,prague,praguer,Czechia,er
2077,silver lake,silver laker,,er
868,papendrecht,papendrechter,Netherlands,er
2721,saigon,saigoner,,er
1656,tetiiv,tetiever,Ukraine,er
2705,new brunswick,new brunswicker,,er
2894,new haven,new havener,United States,er
801,barendrecht,barendrechter,Netherlands,er
740,purmerend,purmerender,Netherlands,er
1277,holyoke,holyoker,United States,er
693,winterthur,winterthurer,Switzerland,er
2708,new zealand,new zealanders,,er
2678,bergen,bergener,,er
2709,newfoundland,newfoundlander,,er
2693,hong kong,hongkonger,,er
3225,weert,weerter,Netherlands,er
2711,pangkal pinang,pangkalpinanger,,er
2722,solomon islands,solomon islander,,er
2116,wheatland,wheatlander,,er
762,veenendaal,veenendaler,Netherlands,er
610,enschede,enschedeer,Netherlands,er
988,glarus,glarner,Switzerland,er
220,winnipeg,winnipegger,Canada,er
753,vlaardingen,vlaardinger,Netherlands,er
2707,new york,new yorker,,er
2026,phoenix,phoenician,,er
3165,kolding,koldinger,Denmark,er
2691,hamburg,hamburger,,er
2695,kosovo,kosovars,,er
1543,middelfart,middelfarter,Denmark,er
433,utrecht,utrechter,Netherlands,er
2006,norfolk,norfolker,,er
3031,kristiansand,kristiansander,Norway,er
26,nanjing,nanjinger,China,er
725,holland,hollander,United States,er
1931,hastings,hastinger,,er
1567,bentheim,bentheimer,Germany,er
1943,johannesburg,johannesburger,,er
1260,wageningen,wageninger,Netherlands,er
1219,ridderkerk,ridderkerker,Netherlands,er
1394,veendam,veendammer,Netherlands,er
980,sarnen,sarner,Switzerland,er
2706,new england,new englander,,er
870,aldaya,aldaier,Spain,er
2718,rhineland,rhinelander,,er
2714,prince edward island,prince edward islander,,er
1441,yukon,yukoner,United States,er
3255,venray,venrayenaar,Netherlands,er
218,zagreb,zagreber,Croatia,er
2692,hannover,hannoveraner,,er
864,darwen,darrener,United Kingdom,er
1275,lluchmayor,llucmajorer,Spain,er
154,amsterdam,amsterdammer,Netherlands,er
1105,almelo,almeloer,Netherlands,er
2683,cook islands,cook islander,,er
1242,nijkerk,nijkerker,Netherlands,er
1358,aungban,aungbanese,Myanmar,ese
2981,araguaina,araguainese,Brazil,ese
2794,marshall islands,marshallese,,ese
1073,marsala,marsalese,Italy,ese
2789,kokang,kokanggese,,ese
244,san marino,san marinese,San Marino,ese
334,kuantan,kuantanese,Malaysia,ese
2771,calabria,calabrese,,ese
503,verona,veronese,Italy,ese
2824,vietnam,vietnamese,,ese
3185,kawthoung,kawthaunggese,Myanmar,ese
2783,guyana,guyanese,,ese
845,grugliasco,grugliaschese,Italy,ese
2776,east timor,east timorese,,ese
2763,bali,balinese,,ese
160,milan,milanese,Italy,ese
1012,udine,udinese,Italy,ese
716,novara,novarese,Italy,ese
2768,bhutan,bhutanese,,ese
799,collegno,collegnese,Italy,ese
3204,avellino,avellinese,Italy,ese
2802,portugal,portuguese,,ese
63,medan,medanese,Indonesia,ese
2762,assam,assamese,,ese
2767,bearn,bearnese,,ese
1187,siena,senese,Italy,ese
1544,malta,maltese,United States,ese
1044,pistoia,pistoiese,Italy,ese
345,genoa,genoese,Italy,ese
2765,benin,beninese,,ese
1029,lecce,leccese,Italy,ese
2779,gabon,gabonese,,ese
115,vienna,viennese,Austria,ese
1377,carmagnola,carmagnolese,Italy,ese
2817,taiwan,taiwanese,,ese
2766,bern,bernese,,ese
2780,genoa,genoese,,ese
771,guayama,guayameses,Puerto Rico,ese
420,taunggyi,taunggese,Myanmar,ese
2799,pa laung,palaunggese,,ese
2814,siam,siamese,,ese
116,ecatepec,ecatepequense,Mexico,ese
272,turin,turinese,Italy,ese
2819,tegal,tegalese,,ese
38,dalian,dalianese,China,ese
393,bandung,bandungese,Indonesia,ese
1176,cuneo,cuneese,Italy,ese
2770,burkina faso,burkinese,,ese
2795,milan,milanese,,ese
92,medellin,medellinense,Colombia,ese
2784,hainan,hainanese,,ese
2810,senegal,senegalese,,ese
2797,navarre,navarrese,,ese
1764,colindres,colindrese,Spain,ese
1611,caselle torinese,casellese,Italy,ese
2820,togo,togolese,,ese
1454,borgomanero,borgomanerese,Italy,ese
2782,guangdong,cantonese,,ese
2759,ajman,ajmanese,,ese
3104,bijelo polje,belopoljese,Montenegro,ese
2777,faroe islands,faroese,,ese
2796,burma,burmese,,ese
1254,merano,meranese,Italy,ese
1971,lugano,luganese,,ese
1540,saluzzo,saluzzese,Italy,ese
2787,kawthaung,kawthaunggese,,ese
2809,sassari,sassarese,,ese
1965,leon,leonese,,ese
2773,china,chinese,,ese
974,piedmont,piemontese,United States,ese
2822,umm al quwain,quwainese,,ese
1972,lyon,lyonese,,ese
2761,aceh,acehnese,,ese
2821,turin,torinese,,ese
1166,moncalieri,moncalierese,Italy,ese
806,nichelino,nichelinese,Italy,ese
2816,suriname,surinamese,,ese
22,wuhan,wuhanese,China,ese
1749,castellamonte,castellamontese,Italy,ese
466,catania,catanese,Italy,ese
31,khartoum,khartoumese,Sudan,ese
519,messina,messinese,Italy,ese
2808,sark,sarkese,,ese
2800,pa o,paonese,,ese
2786,japan,japanese,,ese
2818,taunggyi,taunggese,,ese
2772,cirebon,cirebonese,,ese
2785,hunan,hunanese,,ese
2781,grenadines,grenadinese,,ese
3245,biella,biellese,Italy,ese
455,bari,barese,Italy,ese
2758,abruzzo,abruzzese,,ese
2769,bologna,bolognese,,ese
2812,shanghai,shanghaiese,,ese
309,macau,macanese,Macau,ese
2791,leon,leonese,,ese
1718,corleone,corleonese,Italy,ese
2806,sagaing region,sagainggese,,ese
33,santiago,santiaguinos,Chile,s
231,tirana,tiranas,Albania,s
238,pristina,prishtinas,Kosovo,s
1949,karpasia,karpasias,,s
46,toronto,torontonian,Canada,nian
657,batticaloa,batticalonian,Sri Lanka,nian
658,yakima,yakimanian,United States,nian
687,carora,carorenian,Venezuela,nian
908,truro,truronian,United Kingdom,nian
1058,muncie,munsonian,United States,nian
1117,calauag,calauagenian,Philippines,nian
1473,westborough,westboronian,United States,nian
1515,wantagh,wantonian,United States,nian
1854,bath,bathonian,,nian
1866,buffalo,buffalonian,,nian
1885,chittagong,chittagonian,,nian
1976,manisa,manisanian,,nian
2066,urfa,urfanian,,nian
2565,bendigo,bendigonian,,nian
2566,buffalo,buffalonian,,nian
2567,cork,corkonian,,nian
2568,naga,naganian,,nian
2569,panama,panamanian,,nian
2570,sligo,sligonian,,nian
2571,tampa,tampanian,,nian
2572,tobago,tobagonian,,nian
2573,toronto,torontonian,,nian
2574,torquay,torquinian,,nian
2575,wa,wanian,,nian
48,belo horizonte,belo horizontino,Brazil,no
112,quito,quiteno,Ecuador,no
123,curitiba,curitibano,Brazil,no
129,montevideo,montevideano,Uruguay,no
143,puebla,poblano,Mexico,no
152,zapopan,zapopano,Mexico,no
212,arequipa,arequipeno,Peru,no
215,asmara,asmarino,Eritrea,no
226,asuncion,asunceno,Paraguay,no
237,malabo,malabeno,Equatorial Guinea,no
249,zamboanga city,zamboangeano,Philippines,no
251,morelia,moreliano,Mexico,no
252,cebu city,cebuano,Philippines,no
266,santiagueno,santiagueano,Chile,no
269,taguig city,taguigeano,Philippines,no
278,cochabamba,cochabambino,Bolivia,no
284,queretaro,queretano,Mexico,no
287,palermo,palermitano,Colombia,no
295,cucuta,cucuteano,Colombia,no
305,dasmarinas,dasmarineano,Philippines,no
315,murcia,murciano,Spain,no
322,sorocaba,sorocabano,Brazil,no
327,chimalhuacan,chimalhuacano,Mexico,no
344,cuiaba,cuiabano,Brazil,no
357,ibague,ibaguereano,Colombia,no
363,soacha,suachuno,Colombia,no
369,monteria,monteriano,Colombia,no
370,imus,imuseano,Philippines,no
398,manizales,manizaleano,Colombia,no
426,petare,petareano,Venezuela,no
428,anapolis,anapolino,Brazil,no
432,cabuyao,cabuyeano,Philippines,no
437,corrientes,correntino,Argentina,no
438,neiva,neivano,Colombia,no
444,alicante,alicantino,Spain,no
457,coatzacoalcos,coatzacoalqueano,Mexico,no
460,tanza,tanzeano,Philippines,no
465,zarzal,zarzaleno,Colombia,no
477,navotas,navoteano,Philippines,no
480,tagum,tagumeano,Philippines,no
555,cajamarca,cajamarquino,Peru,no
560,brescia,bresciano,Italy,no
569,valera,valerano,Venezuela,no
604,tunja,tunjano,Colombia,no
616,ilagan,ilagueano,Philippines,no
636,parnaiba,parnaibano,Brazil,no
763,moquegua,moqueguano,Peru,no
807,huancavelica,huancavelicano,Peru,no
1040,funza,funzano,Colombia,no
1042,pisa,pisano,Italy,no
1079,orihuela,oriolano,Spain,no
1200,chieti,chietino,Italy,no
1305,yecla,yeclano,Spain,no
1798,segorbe,segorbino,Spain,no
1852,asuncian,asunceno,,no
1938,itabira,itabirano,,no
3051,jinotega,jinotegano,Nicaragua,no
49,yangoon,yangonthar,Myanmar,thar
51,abidjan,abidjanais,CÃ´te d'Ivoire,ais
275,marseille,marseillais,France,ais
580,toulon,toulonnais,France,ais
673,perpignan,perpignanais,France,ais
674,orleans,orleanais,France,ais
811,talence,talencais,France,ais
823,tarbes,tarbais,France,ais
899,renens,renanais,Switzerland,ais
1249,castres,castrais,France,ais
1634,lourdes,lourdais,France,ais
1635,mayenne,mayennais,France,ais
1688,porto vecchio,porto vecchiais,France,ais
1748,carqueiranne,carqueirannais,France,ais
1779,vallet,valletais,France,ais
2057,rouen,rouennais,,ais
2942,rennes,rennais,France,ais
2975,dijon,dijonnais,France,ais
3055,leogane,leoganais,Haiti,ais
3167,montauban,montalbanais,France,ais
3197,narbonne,narbonnais,France,ais
80,sanaa,sanaani,Yemen,ni
304,latakia,latakani,Syria,ni
785,aversa,aversani,Italy,ni
969,cesa,cesani,Italy,ni
975,montmelo,montmeloni,Spain,ni
1031,barletta,barlettani,Italy,ni
1093,caserta,casertani,Italy,ni
1156,matera,materani,Italy,ni
1443,floridia,floridiani,Italy,ni
1507,capua,capuani,Italy,ni
2999,mataro,mataroni,Spain,ni
3035,utica,utican,United States,ni
3181,cerignola,cerignolani,Italy,ni
3190,manfredonia,manfredoniani,Italy,ni
3201,modica,modicani,Italy,ni
3209,velletri,veliterni,Italy,ni
87,guayaquil,guayaquilea,Ecuador,a
524,barisal,barisailla,Bangladesh,a
968,encamp,encampada,Andorra,a
943,gines,ginense,Spain,ense
3001,teofilo otoni,teofilo otonense,Brazil,ense
1284,paraty,paratiense,Brazil,ense
1589,guayos,guayense,Cuba,ense
1101,itapira,itapirense,Brazil,ense
1619,itaguacu,itaguacuense,Brazil,ense
1737,alcaudete,alcaudetense,Spain,ense
521,arapiraca,arapiraquense,Brazil,ense
338,uberlandia,uberlandense,Brazil,ense
754,benalmadena,benalmadenses,Spain,ense
1455,carai,caraiense,Brazil,ense
408,binan,biananense,Philippines,ense
299,nampula,nampulense,Mozambique,ense
3125,la grita,gritense,Venezuela,ense
1108,vinhedo,vinhedense,Brazil,ense
3014,barbacena,barbacenense,Brazil,ense
747,silao,silaoense,Mexico,ense
169,guarulhos,guarulhense,Brazil,ense
1727,tosagua,tusaguense,Ecuador,ense
648,garanhuns,garanhuense,Brazil,ense
3186,ciudad cuauhtemoc,cuauhtemense,Mexico,ense
3058,babahoyo,babahoyense,Ecuador,ense
1739,arvorezinha,arvorezinhense,Brazil,ense
718,arapongas,araponguense,Brazil,ense
1282,granadero baigorria,baigorriense,Argentina,ense
3106,cuencame de ceniceros,cuencamense,Mexico,ense
421,betim,betinense,Brazil,ense
258,aguascalientes,aguascalentense,Mexico,ense
468,paulista,paulistense,Brazil,ense
385,lanus,lanusense,Argentina,ense
564,guanajuato,guanajuatense,Mexico,ense
1025,caieiras,caieirense,Brazil,ense
1133,trapani,trapanese,Italy,ense
1987,mendrisio,mendrisiense,,ense
623,colima,colimense,Mexico,ense
1460,itamaraca,itamaracaense,Brazil,ense
3048,igarassu,igarassuense,Brazil,ense
871,huatabampo,huatabampense,Mexico,ense
556,almeria,almerienses,Spain,ense
2914,ponta grossa,pontagrossense,Brazil,ense
896,alboraya,alborayense,Spain,ense
1578,la roda,rodense,Spain,ense
353,londrina,londrinense,Brazil,ense
1841,amparo,amparense,,ense
1365,carinhanha,carinhanhense,Brazil,ense
1532,osuna,ursaonense,Spain,ense
137,recife,recifense,Brazil,ense
893,mitu,mituense,Colombia,ense
574,modena,modenese,Italy,ense
2972,chillan,chillanense,Chile,ense
1452,umbauba,umbaubense,Brazil,ense
1064,guanambi,guanambiense,Brazil,ense
1043,sahagun,sahagunense,Colombia,ense
1872,campo grande,campo grandense,,ense
471,coacalco,coacalquense,Mexico,ense
3207,elda,eldense,Spain,ense
689,araruama,araruamense,Brazil,ense
318,tlalnepantla,tlalnepantlense,Mexico,ense
1811,tepechitlan,tepechitlense,Mexico,ense
1381,itatiaia,itatiaiense,Brazil,ense
446,petrolina,petrolinense,Brazil,ense
254,teresina,teresinense,Brazil,ense
3228,huaquillas,huaquillense,Ecuador,ense
3097,pureparo de echaiz,pureperense,Mexico,ense
172,porto,portuense,Portugal,ense
356,ixtapaluca,ixtapaluquense,Mexico,ense
1678,canovanas,canovanense,Puerto Rico,ense
3215,torrelavega,torrelaveguense,Spain,ense
1999,nanking,nankinese,,ense
158,goiania,goianiense,Brazil,ense
427,bauru,bauruense,Brazil,ense
1420,aimores,aimoreense,Brazil,ense
2927,maraba,marabaense,Brazil,ense
1494,piratini,piratinense,Brazil,ense
2920,camacari,camacariense,Brazil,ense
1392,tenares,tenarense,Dominican Republic,ense
235,sucre,sucrense,Bolivia,ense
691,parintins,parintinense,Brazil,ense
1541,belterra,belterrense,Brazil,ense
2934,parana,paranaense,Argentina,ense
3080,riccione marina,riccionese,Italy,ense
104,manaus,manauense,Brazil,ense
3136,santo angelo,santo angelense,Brazil,ense
3008,araras,ararense,Brazil,ense
781,tacuarembo,tacuaremboense,Uruguay,ense
3017,gapan,gapanense,Philippines,ense
713,vespasiano,vespasianense,Brazil,ense
568,leganes,leganense,Spain,ense
1805,tineo,tinetense,Spain,ense
539,el tigre,tigrense,Venezuela,ense
1503,umburanas,umburanense,Brazil,ense
320,durango,duranguense,Mexico,ense
3127,el ejido,ejidense,Spain,ense
2938,viamao,viamonense,Brazil,ense
1021,trelew,trelewense,Argentina,ense
533,oviedo,ovetense,Spain,ense
3268,jardinopolis,jardinopolense,Brazil,ense
578,cuautitlan,cuautitlense,Mexico,ense
1098,ibiuna,ibiunense,Brazil,ense
3013,duitama,duitamense,Colombia,ense
566,castanhal,castanhalense,Brazil,ense
2070,sao carlos,saocarlense,,ense
149,porto alegre,porto alegrense,Brazil,ense
1191,upata,upatense,Venezuela,ense
625,kanasin,kanasinense,Mexico,ense
1691,bullas,bullense,Spain,ense
3139,belo jardim,belo jardinense,Brazil,ense
3021,alcobendas,alcobendense,Spain,ense
3175,uriangato,uriangatense,Mexico,ense
605,anaco,anaquense,Venezuela,ense
1010,picos,picosense,Cabo Verde,ense
450,pelotas,pelotense,Brazil,ense
194,mexicali,mexicalense,Mexico,ense
1301,teruel,turolense,Spain,ense
1070,ijui,ijuiense,Brazil,ense
1030,guaiba,guaibense,Brazil,ense
3131,los patios,patiense,Colombia,ense
3143,bom jesus da lapa,lapense,Brazil,ense
1062,cacoal,cacoalense,Brazil,ense
206,managua,managuense,Nicaragua,ense
263,naucalpan de juarez,naucalpense,Mexico,ense
678,votorantim,votorantinense,Brazil,ense
3121,porto ingles,portuense,Cabo Verde,ense
1668,cinisi,cinisense,Italy,ense
282,culiacan,culiacanense,Mexico,ense
3019,barretos,barretense,Brazil,ense
828,cacem,cacemense,Portugal,ense
3226,alta floresta,altaflorestense,Brazil,ense
1721,brunete,brunetense,Spain,ense
3088,oxkutzkab,oxkutzcabense,Mexico,ense
3164,tefe,tefeense,Brazil,ense
701,lingayen,lingayenense,Philippines,ense
630,rimini,riminese,Italy,ense
1225,paracambi,paracambiense,Brazil,ense
609,pindamonhangaba,pindamonhangabense,Brazil,ense
3060,campo formoso,campo formosense,Brazil,ense
3252,xanxere,xanxerense,Brazil,ense
3040,colatina,colatinense,Brazil,ense
676,charallave,charallavenses,Venezuela,ense
591,luziania,luzianiense,Brazil,ense
1056,itabaiana,itabaianense,Brazil,ense
317,villavicencio,villavicense,Colombia,ense
664,porlamar,porlamarense,Venezuela,ense
2977,ibirite,ibiriteense,Brazil,ense
3217,campo belo,campo belense,Brazil,ense
3129,la dorada,doradense,Colombia,ense
1623,arroio dos ratos,arroio ratense,Brazil,ense
504,gravatai,gravataiense,Brazil,ense
2940,fresnillo,fresnillense,Mexico,ense
3189,andradina,andradinense,Brazil,ense
134,tegucigalpa,tegucigalpense,Honduras,ense
624,barreiras,barreirense,Brazil,ense
2904,vitoria,vitoriense,Brazil,ense
1655,albatera,albaterense,Spain,ense
2918,punto fijo,puntofijense,Venezuela,ense
1170,la plata,platense,Colombia,ense
1124,cacador,cacadorense,Brazil,ense
1435,jequitinhonha,jequitinhonhense,Brazil,ense
1053,maiquetia,maiquetiense,Venezuela,ense
3191,puerto boyaca,puertoboyacense,Colombia,ense
838,zacatelco,zacatelquense,Mexico,ense
1487,guapiacu,guapiacuense,Brazil,ense
3279,tarauaca,tarauacaense,Brazil,ense
316,tlaquepaque,tlaquepaquense,Mexico,ense
3130,para de minas,paraminense[3],Brazil,ense
788,ushuaia,ushuaiense,Argentina,ense
1220,chinchina,chinchinense,Colombia,ense
265,padang,padangnese,Indonesia,ense
1075,sorriso,sorrisense,Brazil,ense
3096,el astillero,astillerense,Spain,ense
1147,carazinho,carazinhense,Brazil,ense
109,st  louis,st louisan,United States,av
118,aleppo,aleppine,Syria,ine
289,bilbao,bilbaine,Spain,ine
419,florence,florentine,Italy,ine
736,poitiers,poitevine,France,ine
1161,agrigento,agrigentine,Italy,ine
2104,trent,tridentine,,ine
2576,byzantium,byzantine,,ine
2577,florence,florentines,,ine
2578,gilbert islands,gilbertines,,ine
2579,the levant,levantine,,ine
2580,montenegro,montenegrin,,ine
2581,palatinate,palatine,,ine
2582,philippines,philippine,,ine
2583,philistia,philistine,,ine
138,indianapolis,indianapolitan,United States,tan
364,sevastopol,sevastopolitan,Ukraine,tan
379,florianopolis,florianopolitan,Brazil,tan
442,simferopol,simferopolitan,Ukraine,tan
844,annapolis,annapolitan,United States,tan
2076,side,sidetan,,tan
2105,tripoli,tripolitan,,tan
141,ludhiana,ludhianvi,India,vi
293,patiala,patialvi,India,vi
3105,patalia,patialvi,India,vi
3296,baheri,bahervi,India,vi
3338,potukonda,potukondavi,India,vi
168,barranquilla,barranquillero,Colombia,ero
264,santiago de cuba,santiaguero,Cuba,ero
412,maracay,maracayero,Venezuela,ero
587,alcorcon,alcorconero,Spain,ero
590,carupano,carupanero,Venezuela,ero
603,cienfuegos,cienfuegueros,Cuba,ero
651,rionegro,rionegrero,Colombia,ero
660,tariba,taribero,Venezuela,ero
778,mislata,mislatero,Spain,ero
1107,paterna,paternero,Spain,ero
1205,baranoa,baranoero,Colombia,ero
1211,adeje,adejero,Spain,ero
1290,neiba,neibero,Dominican Republic,ero
1359,hellin,hellinero,Spain,ero
1360,valdepenas,valdepeanero,Spain,ero
1386,sesena,seseanero,Spain,ero
1478,cartaya,cartayero,Spain,ero
1486,chipiona,chipionero,Spain,ero
1665,salobrena,salobreanero,Spain,ero
2906,holguin,holguinero,Cuba,ero
2911,tehuacan,tehuacanero,Mexico,ero
2912,santa ana,santanero,United States,ero
3018,maicao,maicaero,Colombia,ero
3029,turbaco,turbaquero,Colombia,ero
3281,la rinconada,rinconero,Spain,ero
182,hargeysa,hargeysaawi,Somalia,awi
297,burco,burcaawi,Somalia,awi
307,hamah,hamawi,Syria,awi
380,berbera,barbaraawi,Somalia,awi
836,zgharta,zghartawi,Lebanon,awi
986,siggiewi,siggiewi,Malta,awi
1095,jablah,jablawi,Syria,awi
1846,aqaba,aqabawi,,awi
190,tbilisi,tbiliseli,Georgia,ili
196,yerevan,yerevantsi,Armenia,si
613,livorno,livornesi,Italy,si
790,gallarate,gallaratesi,Italy,si
802,lissone,lissonesi,Italy,si
849,bollate,bollatesi,Italy,si
854,limbiate,limbiatesi,Italy,si
225,the hague,hagenaar,Netherlands,ar
1705,egersund,egersundar,Norway,ar
3324,peraiyur,peraiyurar,India,ar
242,cayenne,cayennais,French Guiana,is
441,nice,nicois,France,is
456,nantes,nantais,France,is
800,bastia,bastiais,France,is
1352,chitral,chitralis,Pakistan,is
248,dnipro,dniprianyn,Ukraine,yn
260,donetsk,donchyani,Ukraine,ani
690,terni,ternani,Italy,ani
745,casoria,casoriani,Italy,ani
805,campobasso,campobassani,Italy,ani
824,desio,desiani,Italy,ani
852,kikinda,kikindani,Serbia,ani
862,vrsac,vrscani,Serbia,ani
865,aosta,aostani,Italy,ani
902,pompei,pompeiani,Italy,ani
932,ulcinj,ulcinjani,Montenegro,ani
961,capodrise,capodrisani,Italy,ani
965,procida,procidani,Italy,ani
1060,treviso,trevisani,Italy,ani
1077,grosseto,grossetani,Italy,ani
1262,rovereto,roveretani,Italy,ani
1268,fondi,fondani,Italy,ani
1285,fermo,fermani,Italy,ani
1303,osimo,osimani,Italy,ani
1306,gorizia,goriziani,Italy,ani
1385,assisi,assisiani,Italy,ani
1480,gaeta,gaetani,Italy,ani
1481,sabaudia,sabaudiani,Italy,ani
1501,scorze,scorzetani,Italy,ani
1583,zevio,zeviani,Italy,ani
1603,orbetello,orbetellani,Italy,ani
1620,vieste,viestani,Italy,ani
1622,cavarzere,cavarzerani,Italy,ani
1699,caorle,caprulani,Italy,ani
1726,itri,itrani,Italy,ani
1750,vigasio,vigasiani,Italy,ani
1751,cingoli,cingolani,Italy,ani
1788,asolo,asolani,Italy,ani
1818,erchie,erchiolani,Italy,ani
3171,acerra,acerrani,Italy,ani
3173,benevento,beneventani,Italy,ani
3202,teramo,teramani,Italy,ani
3272,marcianise,marcianisani,Italy,ani
270,cancun,cancunense,Mexico,esne
1130,zapotlanejo,zapotlanejense,Mexico,esne
2963,dagupan,dagupeano,Philippines,eano
1046,polangui,polangueano,Philippines,eano
2998,daraga,daragueano,Philippines,eano
3145,cuyapo,cuyapeano,Philippines,eano
1311,mogpog,mogpogueano,Philippines,eano
1393,cartama,cartameano,Spain,eano
967,azogues,azogueano,Ecuador,eano
2971,tuguegarao,tuguegaraoeano,Philippines,eano
3005,girardot,girardoteano,Colombia,eano
1324,castro urdiales,castreanos,Spain,eano
3141,sanlucar de barrameda,sanluqueano,Spain,eano
886,camaligan,camaligueano,Philippines,eano
3011,guasdualito,guasdualiteano,Venezuela,eano
761,guaynabo,guaynabeano,Puerto Rico,eano
1555,panukulan,panukuleano,Philippines,eano
1959,la paz,paceano,,eano
1054,cipolletti,cipolleano,Argentina,eano
1892,davao,davaoeano,,eano
1425,algeciras,algecireano,Colombia,eano
782,artemisa,artemiseano,Cuba,eano
3152,san gil,sangileano,Colombia,eano
1295,andujar,andujareano,Spain,eano
1068,chigorodo,chigorodoseano,Colombia,eano
3138,ciudad real,ciudadrealeano,Spain,eano
1226,urrao,urraeno,Colombia,eano
2892,makati,makiteano,Philippines,eano
981,coamo,coameano,Puerto Rico,eano
1159,aranjuez,ribereano,Spain,eano
692,pulilan,pulileano,Philippines,eano
1059,tagaytay,tagaytayeano,Philippines,eano
1496,cabusao,cabusaoeano,Philippines,eano
795,tulcan,tulcaneano,Ecuador,eano
3075,san roque,sanroqueano,Philippines,eano
773,latacunga,latacungueano,Ecuador,eano
3231,sanare,sanareano,Venezuela,eano
1465,nerja,nerjeano,Spain,eano
3203,tarma,tarmeano,Peru,eano
2897,pasay,pasayeano,Philippines,eano
3271,guaduas,guadeano,Colombia,eano
2895,muntinlupa,muntinlupeano,Philippines,eano
1564,alpedrete,alpedreteano,Spain,eano
1996,naga,nagueano,,eano
3122,las rozas de madrid,roceano,Spain,eano
1937,iriga,irigueano,,eano
2961,guatire,guatireano,Venezuela,eano
2954,zipaquira,zipaquireano,Colombia,eano
3266,puerto real,puertorrealeano,Spain,eano
3182,lambayeque,lambayecano,Peru,eano
1527,humacao,humacaeano,Puerto Rico,eano
2939,envigado,envigadeano,Colombia,eano
1964,legazpi,legazpeano,,eano
3159,bansalan,bansaleano,Philippines,eano
2898,marikina,marikeano,Philippines,eano
1353,guanta,guanteano,Venezuela,eano
3206,pasacao,pasaqueano,Philippines,eano
2946,tulua,tulueano,Colombia,eano
2957,tanauan,tanaueano,Philippines,eano
3150,la carlota,carloteano,Philippines,eano
1484,torrox,torroxeano,Spain,eano
1310,caucagua,caucagueano,Venezuela,eano
649,parla,parleano,Spain,eano
2123,zamboanga,zamboangueano,,eano
1085,calarca,calarqueano,Colombia,eano
688,kawit,kawiteano,Philippines,eano
1128,indang,indangeano,Philippines,eano
3187,monte plata,monteplateano,Dominican Republic,eano
3110,san luis de la loma,sanluiseano,Mexico,eano
3166,candon,candoneano,Philippines,eano
1082,valdemoro,valdemoreano,Spain,eano
2949,mostoles,mostoleano,Spain,eano
3030,sogamoso,sogamoseano,Colombia,eano
1045,mijas,mijeano,Spain,eano
2088,tabaco,tabaqueano,,eano
336,cuttack,katakia,India,ia
686,balangir,bolangiria,India,ia
909,balasore,baleswaria,India,ia
1196,koraput,koraputia,India,ia
1237,angul,angulia,India,ia
1736,samalpur,sambalpuria,India,ia
1258,antequera,antequerano,Spain,ano
2597,daraga,daragueño,,ano
558,huanuco,huanuqueano,Peru,ano
2598,davao city,davaoeño,,ano
3062,yauco,yaucano,Puerto Rico,ano
490,tacna,tacneano,Peru,ano
1208,mantova,mantovano,Italy,ano
505,campeche,campechano,Mexico,ano
1339,quintero,quinterano,Chile,ano
1808,cheste,chestano,Spain,ano
643,fusagasuga,fusagasugueano,Colombia,ano
2602,los angeles,angeleno,,ano
2600,legazpi,legazpeño,,ano
418,cainta,cainteano,Philippines,ano
1338,itamarandiba,itamarandibano,Brazil,ano
1492,atarfe,atarfeano,Spain,ano
1035,mayaguez,mayagzezano,Puerto Rico,ano
562,koronadal,koronadaleano,Philippines,ano
1414,mantua,mantovano,Cuba,ano
1034,kabacan,kabaqueano,Philippines,ano
476,petropolis,petropolitano,Brazil,ano
3183,pradera,praderano,Colombia,ano
642,yaritagua,yaritagueano,Venezuela,ano
583,paita,paiteano,Peru,ano
2890,paranaque,paranaqueano,Philippines,ano
633,calapan,calapeano,Philippines,ano
3069,san pedro,san pedrano,Mexico,ano
525,toluca,toluqueano,Mexico,ano
618,cagliari,cagliaritano,Italy,ano
400,cusco,cuzqueano,Peru,ano
567,guanare,guanareano,Venezuela,ano
1111,bacacay,bacacayano,Philippines,ano
489,sincelejo,sincelejano,Colombia,ano
2605,s o paulo,paulistano,,ano
422,iquitos,iquiteano,Peru,ano
2592,cebu,cebuano,,ano
1061,guinobatan,guinobateano,Philippines,ano
3009,mosquera,mosqueruno,Colombia,ano
1878,cebu,cebuano,,ano
3261,veracruz,veracruzano,Brazil,ano
1687,azcoitia,azcoitano,Spain,ano
1330,chancay,chancayano,Peru,ano
1514,baependi,baependiano,Brazil,ano
2595,cainta,cainteño,,ano
1345,jerez,jerezanos,Guatemala,ano
2596,cavite,caviteño,,ano
2591,bicol,bicolano,,ano
3222,la calera,calerano,Chile,ano
2606,tabaco,tabaqueño,,ano
1312,cachoeira,cachoeirano,Brazil,ano
1988,mogi guacu,guacuano,,ano
1476,serro,serrano,Brazil,ano
2993,dumaguete,dumagueteano,Philippines,ano
1982,masbate,masbateano,,ano
880,pompeu,pompeano,Brazil,ano
3172,villamaria,villamariano,Colombia,ano
1989,mogi mirim,mogimiriano,,ano
2593,belo horizonte,belo horizontino,,ano
2948,sete lagoas,sete lagoano,Brazil,ano
1109,santa rosa de cabal,santarrosano,Colombia,ano
650,salerno,salernitano,Italy,ano
382,mandaluyong city,mandaleano,Philippines,ano
1653,noceto,nocetano,Italy,ano
595,baliuag,baliwageano,Philippines,ano
399,veracruz,veracruzano,Mexico,ano
608,kidapawan,kidapaweano,Philippines,ano
3043,itabira,itabirano,Brazil,ano
2604,san pablo,san pableño,,ano
3026,piedecuesta,piedecuestano,Colombia,ano
2950,padova,padovano,Italy,ano
589,chetumal,chetumaleano,Mexico,ano
2050,ribeireo preto,ribeireo pretano,,ano
2601,ligao,ligaoeño,,ano
536,ayacucho,ayacuchano,Peru,ano
3205,tres pontas,trespontano,Brazil,ano
1533,zarumilla,zarumillano,Peru,ano
417,plovdiv,plovdivchanin,Bulgaria,chanin
425,butuan,butuanon,Philippines,on
430,iligan,iliganon,Philippines,on
507,tacloban,taclobanon,Philippines,on
542,pagadian,pagadianon,Philippines,on
700,bayugan,bayuganon,Philippines,on
711,catbalogan,catbaloganon,Philippines,on
719,sindangan,sindanganon,Philippines,on
742,nabunturan,nabunturanon,Philippines,on
2079,sorsogon,sorsoganon,,on
3053,catarman,catarmanon,Philippines,on
3065,borongan,boronganon,Philippines,on
3135,pototan,pototanon,Philippines,on
3168,cabatuan,cabatuanon,Philippines,on
3214,naguilian,naguilianon,Philippines,on
435,pokhara,pokhareli,Nepal,eli
458,thrissur,thrissurkaran,India,karan
516,kannur,kannurkaran,India,karan
851,attingal,attingalkaran,India,karan
1013,tellicherry,thalasserikaran,India,karan
1134,kanhangad,kanhangadukaran,India,karan
1370,vattalkundu,vathalagundukaran,India,karan
3073,varkkallai,varkalakkaran,India,karan
3074,paravurkambolam,paravurkkaran,India,karan
3086,karunagapalli,karunagapallikkaran,India,karan
3142,koyilandi,koyilandikaran,India,karan
3286,tiruchendur,tiruchendoorkaran,India,karan
3308,mudukulattur,mudukulatturkaran,India,karan
3309,attur,atturkaran,India,karan
3315,terkuvenganallur,terkuvenganallurkaran,India,karan
3330,sindalakkundu,sindalakkundukaran,India,karan
3339,kanur,kannurkaran,India,karan
483,strasbourg,strasbourgeois,France,ois
629,nimes,nimois,France,ois
640,lausanne,lausannois,Switzerland,ois
751,cannes,cannois,France,ois
817,valenciennes,valenciennois,France,ois
855,tozeur,tozeurois,Tunisia,ois
861,ermont,ermontois,France,ois
867,neuchatel,neuchatelois,Switzerland,ois
1065,brossard,brossardois,Canada,ois
1087,beziers,biterrois,France,ois
1233,sete,setois,France,ois
1307,nevers,neversois,France,ois
1361,agde,agathois,France,ois
1413,saint bruno de montarville,montarvillois,Canada,ois
1554,saint amand les eaux,amandinois,France,ois
1654,graulhet,graulhetois,France,ois
1661,florange,florangeois,France,ois
1711,abbeville,abbevillois,United States,ois
1837,algiers,algerois,,ois
1922,grenoble,grenoblois,,ois
1961,laval,lavalois,,ois
2048,reims,remois,,ois
2887,seychelles,seychellois,,ois
3091,coudekerque,coudekerquois,France,ois
3216,belle anse,belle ansois,Haiti,ois
3278,draguignan,dracenois,France,ois
491,lucena,lucenahin,Philippines,hin
606,sariaya,sariayahin,Philippines,hin
1115,gumaca,gumacahin,Philippines,hin
493,maastricht,maastrichtenaar,Netherlands,enaar
1033,helmond,helmondenaar,Netherlands,enaar
1375,boxmeer,boxmeerenaar,Netherlands,enaar
3184,roermond,roermondenaar,Netherlands,enaar
499,bergen,bergenser,Norway,ser
513,eindhoven,eindhovenaar,Netherlands,aar
581,nijmegen,nijmegenaar,Netherlands,aar
659,leiden,leidenaar,Netherlands,aar
765,assen,assenaar,Netherlands,aar
812,schagen,schagenaar,Netherlands,aar
874,diemen,diemenaar,Netherlands,aar
900,voorschoten,voorschotenaar,Netherlands,aar
1050,heerlen,heerlenaar,Netherlands,aar
1104,hoorn,hoornaar,Netherlands,aar
1185,terneuzen,terneuzenaar,Netherlands,aar
1217,zutphen,zutphenaar,Netherlands,aar
1229,veldhoven,veldhovenaar,Netherlands,aar
1241,rheden,rhedenaar,Netherlands,aar
1247,huizen,huizenaar,Netherlands,aar
1253,dronten,drontenaar,Netherlands,aar
1276,veghel,veghelaar,Netherlands,aar
1280,goes,goesenaar,Netherlands,aar
1281,raalte,raaltenaar,Netherlands,aar
1302,coevorden,coevordenaar,Netherlands,aar
1323,boxtel,boxelaar,Netherlands,aar
1332,vught,vughtenaar,Netherlands,aar
1343,uithoorn,uithoornaar,Netherlands,aar
1354,leusden,leusdenaar,Netherlands,aar
1418,baarn,baarnaar,Netherlands,aar
1427,putten,puttenaar,Netherlands,aar
1430,haaksbergen,haaksbergenaar,Netherlands,aar
1474,brummen,brummenaar,Netherlands,aar
1482,rhenen,rhenenaar,Netherlands,aar
1516,naarden,naardenaar,Netherlands,aar
1546,heumen,heumenaar,Netherlands,aar
1599,slochteren,slochtenaar,Netherlands,aar
1628,schoonhoven,schoonhovenaar,Netherlands,aar
1815,strijen,strijenaar,Netherlands,aar
2976,apeldoorn,apeldoornaar,Netherlands,aar
526,ormoc,ormocanon,Philippines,anon
1488,malabuyoc,malabuyocanon,Philippines,anon
3039,baybay,baybayanon,Philippines,anon
3208,guiuan,guiuananon,Philippines,anon
3223,donsol,donsolanon,Philippines,anon
547,talca,talquino,Chile,ino
548,trieste,triestino,Italy,ino
557,taranto,tarantino,Italy,ino
720,piacenza,piacentino,Italy,ino
750,aviles,avilesino,Spain,ino
776,coyhaique,coyhaiquino,Chile,ino
789,moyobamba,moyobambino,Peru,ino
906,fray bentos,fraybentino,Uruguay,ino
1038,rafaela,rafaelino,Argentina,ino
1057,chiguayante,chiguayantino,Chile,ino
1086,huaral,huaralino,Peru,ino
1090,palencia,palentino,Spain,ino
1131,sagunto,saguntino,Spain,ino
1236,vallenar,vallenarino,Chile,ino
1263,huaura,huaurino,Peru,ino
1400,mulchen,mulchenino,Chile,ino
1405,fidenza,fidentino,Italy,ino
1407,pacasmayo,pacasmayino,Peru,ino
1412,puerto varas,portovarino,Chile,ino
1437,quellon,quellonino,Chile,ino
1519,sangenjo,lilaino,Spain,ino
1581,putaendo,putaendino,Chile,ino
1639,tucapel,tucapelino,Chile,ino
1660,frutillar,frutillarino,Chile,ino
1708,alassio,alassino,Italy,ino
1843,angeles,angelino,,ino
2936,tarapoto,tarapotino,Peru,ino
2997,conchali,conchalino,Chile,ino
3024,san rafael,san rafaelino,Argentina,ino
3027,coronel,coronelino,Chile,ino
3054,tumbes,tumbesino,Peru,ino
3137,padre hurtado,padrehurtadino,Chile,ino
3140,juana diaz,juanadinos,Puerto Rico,ino
3254,limache,limachino,Chile,ino
3275,cauquenes,cauquenino,Chile,ino
572,breda,bredanaar,Netherlands,naar
675,dordrecht,dordtenaar,Netherlands,naar
755,spijkenisse,spijkenissenaar,Netherlands,naar
816,kerkrade,kerkradenaar,Netherlands,naar
885,heemstede,heemstedenaar,Netherlands,naar
895,oegstgeest,oegstgeestenaar,Netherlands,naar
1037,oss,ossenaar,Netherlands,naar
1246,tiel,tielenaar,Netherlands,naar
1274,landgraaf,landgravenaar,Netherlands,naar
1399,hulst,hulstenaar,Netherlands,naar
1429,goirle,goirlenaar,Netherlands,naar
1432,lisse,lissenaar,Netherlands,naar
1461,zundert,zundertenaar,Netherlands,naar
1504,oirschot,oirschottenaar,Netherlands,naar
1505,heerde,heerdenaar,Netherlands,naar
2126,zwolle,zwollenaar,,naar
3045,delft,delftenaar,Netherlands,naar
3151,zeist,zeistenaar,Netherlands,naar
3192,helder,heldernaar,Netherlands,naar
579,odense,odenseaner,Denmark,aner
859,hillerod,hillerodaner,Denmark,aner
1218,helsingor,helsingoraner,Denmark,aner
1596,jever,jeveraner,Germany,aner
2922,aarhus,aarhusianer,Denmark,aner
3157,randers,randrusianer,Denmark,aner
585,burgos,burgales,Spain,es
1052,montelibano,montelibanes,Colombia,es
1071,pontevedra,pontevedres,Spain,es
1347,carballo,carballes,Spain,es
1887,cordoba,cordobes,,es
2901,cumana,cumanes,Venezuela,es
2926,gijon,gijones,Spain,es
614,ravenna,ravennate,Italy,ate
1228,frosinone,frusinate,Italy,ate
1606,urbino,urbinate,Italy,ate
637,aalborg,aalborgenser,Denmark,enser
898,hamar,hamarenser,Norway,enser
1110,esbjerg,esbjergenser,Denmark,enser
1169,tonsberg,tonsbergenser,Norway,enser
1193,roskilde,roskildenser,Denmark,enser
1206,herning,herningenser,Denmark,enser
1207,silkeborg,silkeborgenser,Denmark,enser
1389,svendborg,svendborgenser,Denmark,enser
641,paranagua,parnanguara,Brazil,ra
644,dawei,dawegian,Myanmar,gian
2870,dawei,dawegian,,gian
2871,galloway,galwegian,,gian
2872,magway region,magwegian,,gian
2873,norway,norwegian,,gian
2874,poway  ca,powegian,,gian
647,jacmel,jacmelien,Haiti,ien
717,nanterre,nanterriens,France,ien
756,calais,calaisiens,France,ien
758,ajaccio,ajacciens,France,ien
1314,cambrai,cambrasien,France,ien
1802,checy,cacien,France,ien
1704,siniscola,siniscolesi,Italy,esi
1729,vigonovo,vigonovesi,Italy,esi
1723,montecchio emilia,montecchiesi,Italy,esi
1296,somma vesuviana,sommesi,Italy,esi
910,cormano,cormanesi,Italy,esi
1450,sondrio,sondriesi,Italy,esi
1566,valmontone,valmontonesi,Italy,esi
1294,rende,rendesi,Italy,esi
863,villaricca,villaricchesi,Italy,esi
1464,corciano,corcianesi,Italy,esi
1376,gragnano,gragnanesi,Italy,esi
841,corsico,corsichesi,Italy,esi
813,seregno,seregnesi,Italy,esi
1337,grottaglie,grottagliesi,Italy,esi
1270,voghera,vogheresi,Italy,esi
1701,trecastagni,trecastagnesi,Italy,esi
956,biassono,biassonesi,Italy,esi
848,pioltello,pioltellesi,Italy,esi
3262,avezzano,avezzanesi,Italy,esi
1547,medicina,medicinesi,Italy,esi
1812,breganze,breganzesi,Italy,esi
1267,maddaloni,maddalonesi,Italy,esi
1714,aulla,aullesi,Italy,esi
1512,villorba,villorbesi,Italy,esi
1537,carovigno,carovignesi,Italy,esi
1447,massarosa,massarosesi,Italy,esi
1700,mestrino,mestrinesi,Italy,esi
1576,riposto,ripostesi,Italy,esi
858,angri,angresi,Italy,esi
1800,montagnana,montagnanesi,Italy,esi
1350,ostuni,ostunesi,Italy,esi
1756,gambolo,gambolesi,Italy,esi
1373,poggibonsi,poggibonsesi,Italy,esi
1387,bacoli,bacolesi,Italy,esi
1436,ventimiglia,ventimigliesi,Italy,esi
1747,cuorgne,cuorgnatesi,Italy,esi
1186,montesilvano,montesilvanesi,Italy,esi
1648,barrafranca,barresi,Italy,esi
1762,urgnano,urgnanesi,Italy,esi
973,casapulla,casapullesi,Italy,esi
1641,carpenedolo,carpenedolesi,Italy,esi
1624,latisana,latisanesi,Italy,esi
1199,battipaglia,battipagliesi,Italy,esi
1470,recanati,recanatesi,Italy,esi
1584,pineto,pinetesi,Italy,esi
1590,rosa,rosatesi,Italy,esi
1675,lizzanello,lizzanellesi,Italy,esi
1696,taormina,taorminesi,Italy,esi
940,casandrino,casandrinesi,Italy,esi
1824,cagli,cagliesi,Italy,esi
1316,termoli,termolesi,Italy,esi
1709,bitritto,bitrittesi,Italy,esi
1638,chiampo,chiampesi,Italy,esi
1758,melendugno,melendugnesi,Italy,esi
1814,vicopisano,vicaresi,Italy,esi
1380,cervia,cervesi,Italy,esi
1630,grammichele,grammichelesi,Italy,esi
1526,pianoro,pianoresi,Italy,esi
1676,taurisano,taurisanesi,Italy,esi
1614,bondeno,bondenesi,Italy,esi
1642,ficarazzi,ficarazzesi,Italy,esi
1286,licata,licatesi,Italy,esi
1768,deruta,derutesi,Italy,esi
669,pescara,pescaresi,Italy,esi
1419,portogruaro,portogruaresi,Italy,esi
1300,belluno,bellunesi,Italy,esi
1467,grottaferrata,grottaferratesi,Italy,esi
1790,treia,treiesi,Italy,esi
1605,cicciano,ciccianesi,Italy,esi
1717,cameri,cameresi,Italy,esi
1485,melzo,melzesi,Italy,esi
1674,bernalda,bernaldesi,Italy,esi
1787,missaglia,missagliesi,Italy,esi
1513,piossasco,piossaschesi,Italy,esi
1297,cento,centesi,Italy,esi
923,cercola,cercolesi,Italy,esi
1795,borgosatollo,borgosatollesi,Italy,esi
1741,cittanova,cittanovesi,Italy,esi
1433,noto,notinesi,Italy,esi
1545,giaveno,giavenesi,Italy,esi
1559,ospitaletto,ospitalettesi,Italy,esi
1760,garlasco,garlaschesi,Italy,esi
1774,cavriglia,cavrigliesi,Italy,esi
1681,susegana,suseganesi,Italy,esi
1255,vasto,vastesi,Italy,esi
1645,pontecorvo,pontecorvesi,Italy,esi
1344,sarno,sarnesi,Italy,esi
1677,atripalda,atripaldesi,Italy,esi
831,saronno,saronnesi,Italy,esi
954,calvizzano,calvizzanesi,Italy,esi
914,senago,senaghesi,Italy,esi
1556,copparo,copparesi,Italy,esi
1632,crevalcore,crevalcoresi,Italy,esi
3059,catanzaro,catanzaresi,Italy,esi
1585,sommacampagna,sommacampagnesi,Italy,esi
1155,savona,savonesi,Italy,esi
1379,alatri,alatresi,Italy,esi
1666,paullo,paullesi,Italy,esi
1689,codigoro,codigoresi,Italy,esi
1048,lucca,lucchesi,Italy,esi
3076,sant antimo,santantimesi,Italy,esi
1735,cutro,cutresi,Italy,esi
1536,bareggio,bareggesi,Italy,esi
912,frattaminore,frattaminoresi,Italy,esi
3224,nettuno,nettunesi,Italy,esi
1548,locarno,locarnesi,Switzerland,esi
1647,raffadali,raffadalesi,Italy,esi
653,ferrara,ferraresi,Italy,esi
1806,vergiate,vergiatesi,Italy,esi
1404,enna,ennesi,Italy,esi
1796,vignate,vignatesi,Italy,esi
1765,vidor,vidoresi,United States,esi
1778,gatteo,gatteesi,Italy,esi
1388,belpasso,belpassesi,Italy,esi
955,canegrate,canegratesi,Italy,esi
1240,bassano del grappa,bassanesi,Italy,esi
1569,mottola,mottolesi,Italy,esi
1728,randazzo,randazzesi,Italy,esi
1650,stezzano,stezzanesi,Italy,esi
1740,trabia,trabiesi,Italy,esi
820,rozzano,rozzanesi,Italy,esi
3258,civitanova,civitanovesi,Italy,esi
1804,guardiagrele,guardiesi,Italy,esi
913,valmiera,valmieriesi,Latvia,esi
1686,casteldaccia,casteldaccesi,Italy,esi
682,sassari,sassaresi,Italy,esi
1498,adria,adriesi,Italy,esi
947,castellanza,castellanzesi,Italy,esi
3256,casale,casalesi,Haiti,esi
1600,maglie,magliesi,Italy,esi
1669,gavardo,gavardesi,Italy,esi
1769,resana,resanesi,Italy,esi
1542,grottammare,grottammaresi,Italy,esi
1243,alghero,algheresi,Italy,esi
1535,saviano,savianesi,Italy,esi
1518,alpignano,alpignanesi,Italy,esi
3199,san remo,sanremesi,Italy,esi
1794,lacchiarella,lacchiarellesi,Italy,esi
1289,pinerolo,pinerolesi,Italy,esi
3114,san marzano,sanmarzanesi,Italy,esi
1252,monterotondo,monterotondesi,Italy,esi
1103,gela,gelesi,Italy,esi
1742,terralba,terralbesi,Italy,esi
1587,rosarno,rosarnesi,Italy,esi
1027,pesaro,pesaresi,Italy,esi
1502,agliana,aglianesi,Italy,esi
1783,aragona,aragonesi,Italy,esi
1577,castellarano,castellaranesi,Italy,esi
892,qualiano,qualianesi,Italy,esi
1791,porcari,porcaresi,Italy,esi
1786,martano,martanesi,Italy,esi
1333,milazzo,milazzesi,Italy,esi
1698,ovada,ovadesi,Italy,esi
1014,andria,andriesi,Italy,esi
1732,castrolibero,castroliberesi,Italy,esi
3211,san severo,sanseveresi,Italy,esi
1770,siano,sianesi,Italy,esi
1680,pulsano,pulsanesi,Italy,esi
839,arzano,arzanesi,Italy,esi
1127,imola,imolesi,Italy,esi
1378,pontedera,pontaderesi,Italy,esi
1797,colorno,colornesi,Italy,esi
1821,dorgali,dorgalesi,Italy,esi
1682,bitetto,bitettesi,Italy,esi
1598,collecchio,collecchiesi,Italy,esi
1084,fiumicino,fiumicinesi,Italy,esi
1724,lomazzo,lomazzesi,Italy,esi
1561,merate,meratesi,Italy,esi
1659,lipari,liparesi,Italy,esi
1730,vanzago,vanzaghesi,Italy,esi
1759,macomer,macomeresi,Italy,esi
679,forli,forlivesi,Italy,esi
1428,sulmona,sulmonesi,Italy,esi
1158,olbia,olbiesi,Italy,esi
1528,vimodrone,vimodronesi,Italy,esi
661,monza,monzesi,Italy,esi
1524,baronissi,baronissesi,Italy,esi
1416,legnago,legnaghesi,Italy,esi
1144,vigevano,vigevanesi,Italy,esi
1602,trinitapoli,trinitapolesi,Italy,esi
1331,camaiore,camaioresi,Italy,esi
1692,cisternino,cistranesi,Italy,esi
950,varedo,varedesi,Italy,esi
1820,sortino,sortinesi,Italy,esi
774,legnano,legnanesi,Italy,esi
1626,arzachena,arzachenesi,Italy,esi
1679,portoferraio,portoferraiesi,Italy,esi
1822,gavorrano,gavorranesi,Italy,esi
1439,mirandola,mirandolesi,Italy,esi
1372,monfalcone,monfalconesi,Italy,esi
1340,oristano,oristanesi,Italy,esi
1520,marcon,marconesi,Italy,esi
1157,molfetta,molfettesi,Italy,esi
1366,misilmeri,misilmeresi,Italy,esi
793,ercolano,ercolanesi,Italy,esi
1789,pandino,pandinesi,Italy,esi
1771,sorbolo,sorbolesi,Italy,esi
837,ciampino,ciampinesi,Italy,esi
1357,treviglio,trevigliesi,Italy,esi
1609,locorotondo,locorotondesi,Italy,esi
3243,alcamo,alcamesi,Italy,esi
1530,adelfia,adelfiesi,Italy,esi
3156,crotone,crotonesi,Italy,esi
1777,striano,strianesi,Italy,esi
1179,bisceglie,biscegliesi,Italy,esi
1145,carrara,carraresi,Italy,esi
1631,vigodarzere,vigodarzeresi,Italy,esi
1658,mercogliano,mercoglianesi,Italy,esi
1651,monteprandone,monteprandonesi,Italy,esi
1621,statte,stattesi,Italy,esi
1202,misterbianco,misterbianchesi,Italy,esi
1132,viterbo,viterbesi,Italy,esi
1763,magnago,magnaghesi,Italy,esi
1793,podenzano,podenzanesi,Italy,esi
887,chiavari,chiavaresi,Italy,esi
1597,mondolfo,mondolfesi,Italy,esi
1664,locri,locresi,Italy,esi
1799,soresina,soresinesi,Italy,esi
1568,rescaldina,rescaldinesi,Italy,esi
1521,maranello,maranellesi,Italy,esi
1575,finale,finalesi,Italy,esi
1396,mirano,miranesi,Italy,esi
1351,marigliano,mariglianesi,Italy,esi
1715,polistena,polistenesi,Italy,esi
1491,signa,signesi,Italy,esi
3280,fasano,fasanesi,Italy,esi
873,bresso,bressesi,Italy,esi
1652,leonforte,leonfortesi,Italy,esi
1291,nuoro,nuoresi,Italy,esi
1431,copertino,copertinesi,Italy,esi
1911,filettino,filettinesi,,esi
1411,arzignano,arzignanesi,Italy,esi
656,silay,silaynon,Philippines,non
698,tacurong,tacurongnon,Philippines,non
757,oroquieta,oroquietanon,Philippines,non
890,siquijor,siquijodnon,Philippines,non
1018,bislig,bisliganon,Philippines,non
1066,dapitan,dapitanon,Philippines,non
1151,abuyog,abuyognon,Philippines,non
1153,laoang,laoangnon,Philippines,non
1154,gubat,gubatnon,Philippines,non
1272,caluya,caluyanon,Philippines,non
1315,palapag,palapagnon,Philippines,non
1336,catubig,catubignon,Philippines,non
1613,mapanas,mapanasnon,Philippines,non
1684,lapinig,lapinignon,Philippines,non
670,fier,fierak,Albania,ak
3028,durres,durrsak,Albania,ak
672,apartado,apartadoseano,Colombia,seano
677,trento,trentini,Italy,ini
685,vicenza,vicentini,Italy,ini
709,bolzano,bolzanini,Italy,ini
905,seveso,sevesini,Italy,ini
919,monserrato,monserratini,Italy,ini
921,arese,aresini,Italy,ini
931,cattolica,cattolichini,Italy,ini
1019,arezzo,aretini,Italy,ini
1032,alessandria,alessandrini,Italy,ini
1055,brindisi,brindisini,Italy,ini
1078,varese,varesini,Italy,ini
1150,viareggio,viareggini,Italy,ini
1164,faenza,faentini,Italy,ini
1224,rieti,reatini,Italy,ini
1264,iesi,jesini,Italy,ini
1279,caltagirone,calatini,Italy,ini
1348,nardo,neretini,Italy,ini
1364,canosa di puglia,canosini,Italy,ini
1434,pietrasanta,pietrasantini,Italy,ini
1453,ginosa,ginosini,Italy,ini
1463,isernia,isernini,Italy,ini
1469,colleferro,colleferrini,Italy,ini
1493,ariccia,ariccini,Italy,ini
1495,pescia,pesciatini,Italy,ini
1522,sorrento,sorrentini,Italy,ini
1551,todi,todini,Italy,ini
1572,casalpusterlengo,casalini,Italy,ini
1573,surbo,surbini,Italy,ini
1690,venosa,venosini,Italy,ini
1707,creazzo,creatini,Italy,ini
1738,aradeo,aradeini,Italy,ini
1755,sovicille,sovicillini,Italy,ini
1781,nepi,nepesini,Italy,ini
1807,roccastrada,roccastradini,Italy,ini
3124,la spezia,spezzini,Italy,ini
3218,rovigo,rodigini,Italy,ini
3234,corato,coratini,Italy,ini
3269,cantu,canturini,Italy,ini
697,quibor,quiboreno,Venezuela,eno
2932,turmero,turmereno,Venezuela,eno
702,zilina,zilincan,Slovakia,can
728,maribor,mariborcan,Slovenia,can
884,tecax,tecaxican,Mexico,can
1703,mexico,mexican,Philippines,can
703,ferizaj,ferizajas,Kosovo,as
733,prizren,prizrenas,Kosovo,as
794,gjilan,gjilanas,Kosovo,as
834,berat,beratas,Albania,as
1374,kavaje,kavajas,Albania,as
1780,belley,belleysan,France,as
705,reus,reusenc,Spain,enc
832,blanes,blanenc,Spain,enc
915,alfafar,alfafarenc,Spain,enc
926,calella,calellenc,Spain,enc
938,albal,albalenc,Spain,enc
953,sedavi,sedavienc,Spain,enc
994,ordino,ordinenc,Andorra,enc
1001,canillo,canillenc,Andorra,enc
1471,puzol,puzolenc,Spain,enc
1754,matadepera,matadeperenc,Spain,enc
2945,sabadell,sabadellenc,Spain,enc
3072,san feliu de llobregat,sanfeliuenc,Spain,enc
3078,premia de mar,premianenc,Spain,enc
3089,vilasar,vilassarenc,Spain,enc
3095,malgrat,malgratenc,Spain,enc
3098,arenys de mar,arenyenc,Spain,enc
3100,canet de mar,canetenc,Spain,enc
3119,la massana,massanenc,Andorra,enc
710,tiaong,tiaongin,Philippines,in
770,granollers,granollerin,Spain,in
999,dingli,dinglin,Malta,in
1112,catanauan,catanauanin,Philippines,in
1121,mauban,maubanin,Philippines,in
1138,nagcarlan,nagcarlangin,Philippines,in
1141,atimonan,atimonanin,Philippines,in
1162,montenegro,montenegrin,Brazil,in
1189,tagkawayan,tagkawayanin,Philippines,in
1192,lucban,lucbanin,Philippines,in
1424,burdeos,burdeosin,Philippines,in
2036,pripyat,pripyatin,,in
2584,lucena,lucenahin,,in
2585,tayabas,tayabasin,,in
2586,lucban,lucbanin,,in
2587,infanta,infantahin,,in
2588,sariaya,sariayahin,,in
2589,brgy  isabang,isabangin,,in
2590,brgy  morong,morongin,,in
3034,tayabas,tayabasin,Philippines,in
3133,pagbilao,pagbilawin,Philippines,in
3198,mulanay,mulanayin,Philippines,in
3251,guinayangan,guinayanganin,Philippines,in
724,ancona,anconetani,Italy,tani
1449,amalfi,amalfitani,Colombia,tani
1731,salemi,salemitani,Italy,tani
3227,monopoli,monopolitani,Italy,tani
3276,eboli,ebolitani,Italy,tani
738,kalibo,kalibonhon,Philippines,nhon
748,elbasan,elbasanase,Albania,ase
760,kumanovo,kumanovec,Macedonia,ec
769,potenza,potentini,Italy,tini
777,limerick,limerickman,Ireland,man
903,ennis,ennisman,Ireland,man
1761,yorkshire,yorkshireman,United States,man
780,vejle,vejlenser,Denmark,nser
783,yevlax,yevlakhly,Azerbaijan,ly
796,korce,korcare,Albania,are
804,ostersund,ostersundare,Sweden,are
3010,orebro,orebroare,Sweden,are
810,figueras,figuerenques,Spain,enques
818,togo,togolese,Japan,lese
827,drogheda,droghedean,Ireland,ean
1072,chingleput,chengalpattean,India,ean
2065,san jose,san josean,,ean
2916,brasov,brasovean,Romania,ean
2923,constanta,constantean,Romania,ean
2996,targu mures,targumuresean,Romania,ean
3320,mangalapuram,mangalpurean,India,ean
3352,maddur,maddurean,India,ean
829,ramsgate,ramsgatonian,United Kingdom,onian
1888,cork,corkonian,,onian
2875,connacht,connachtonian,,onian
2876,halifax,haligonian,,onian
2877,lesotho,lesothonian,,onian
2878,newport,newportonian,,onian
866,sestao,sestaotarra,Spain,taara
872,sliema,slimiz,Malta,iz
876,birkirkara,karkariz,Malta,iz
942,tarxien,tarxiniz,Malta,iz
982,hamrun,hamruniz,Malta,iz
993,iklin,ikliniz,Malta,iz
996,kalkara,kalkariz,Malta,iz
997,floriana,furjaniz,Malta,iz
1006,ghajnsielem,ghajnsielimiz,Malta,iz
894,orly,orlysien,France,sien
907,vukovar,vukovarac,Croatia,ac
3064,pancevo,pancevac,Serbia,ac
924,cran gevrier,cran gevriens,France,en
3049,deventer,deventernaren,Netherlands,en
959,cetinje,cetinjanin,Montenegro,nin
983,tivat,tivtanin,Montenegro,nin
1401,macalelon,macalelonin,Philippines,nin
1649,agdangan,agdanganin,Philippines,nin
960,cayey,cayeyanos,Puerto Rico,os
976,reinosa,reinosanos,Spain,nos
1397,lebrija,lebrijano,Spain,nos
985,rozaje,rozajci,Montenegro,ci
3111,novi becej,novobejci,Serbia,ci
1016,dhar,dharwasi,India,wasi
1172,vrindavan,vrindavanwasi,India,wasi
3006,mothihari,motihariwasi,India,wasi
3108,mithila,mithilawasi,India,wasi
3193,ayodhya,ayodhyawasi,India,wasi
3291,areraj,arerajwasi,India,wasi
1017,oton,ogtonganon,Philippines,ganon
1165,palompon,palomponganon,Philippines,ganon
1022,jamundi,jamundeana,Colombia,eana
1023,cesena,cesenate,Italy,te
1024,greece,greek,United States,k
1074,katerini,kateriniote,Greece,ote
1257,sarande,sarandiote,Albania,ote
1080,bolpur,bolpurbashi,India,bashi
1173,raxaul,raxaulbashi,India,bashi
1096,asti,astigiano,Italy,giano
1100,fajardo,fajardeã os,Puerto Rico,eanos
1139,sandefjord,sandefjording,Norway,ing
1383,lillehammer,lillehamring,Norway,ing
1409,eidsvoll,eidsvolling,Norway,ing
1423,nittedal,nittedaling,Norway,ing
1468,elverum,elverumsing,Norway,ing
1553,honefoss,honefossing,Norway,ing
1571,voss,vossing,Norway,ing
1594,verdal,verdaling,Norway,ing
1604,askim,askiming,Norway,ing
1616,narvik,narviking,Norway,ing
1657,notodden,notodding,Norway,ing
1712,enebakk,enebakking,Norway,ing
1776,fauske,fauskevring,Norway,ing
1809,flekkefjord,flekkefjoring,Norway,ing
1825,namsos,namsosing,Norway,ing
1826,hammerfest,hammerfesting,Norway,ing
1827,svolvaer,svolvaering,Norway,ing
3246,lorenskog,lorenskoging,Norway,ing
1142,irun,irundar,Spain,dar
1148,horsens,horsensianer,Denmark,ianer
1149,asker,askering,Norway,ring
1702,lenvik,lenvikvering,Norway,ring
1163,sandila,sandilivi,India,ivi
1171,foligno,folignati,Italy,ati
1175,paombong,paombongenyo,Philippines,enyo
1181,bhongir,bhongirwala,India,wala
1213,chioggia,chioggiotti,Italy,otti
1232,rameswaram,rameswarammar,India,ram
1261,sciacca,saccensi,Italy,ensi
1325,abbiategrasso,abbiatensi,Italy,ensi
1612,marostica,marosticensi,Italy,ensi
1265,camana,camanejo,Peru,ejo
1269,vavuniya,vavuniyan,Sri Lanka,yan
1288,porsgrunn,porsgrunnsfolk,Norway,folk
1298,adrano,adraniti,Italy,iti
2027,pissouri,pissouriti,,iti
1341,sitges,sitgetans,Spain,ans
1349,halden,haldenser,Norway,sar
1368,spinea,spinetense,Italy,tesne
1395,penukonda,penukondavi,India,avi
1417,oud beijerland,oud beijerlander,Netherlands,der
1426,albenga,albenganesi,Italy,nesi
1445,esparraguera,esparregados,Spain,dos
1500,paraisopolis,paraisopolitano,Brazil,tano
3232,prudentopolis,prudentopolitano,Brazil,tano
1517,ambala,ambalvi,India,lvi
1523,munguia,mungiarra,Spain,rra
1580,azpeitia,azpeitiarra,Spain,rra
1529,zandvoort,zandvoorter,Netherlands,ter
1538,bermeo,bermeotar,Spain,tar
1662,arrigorriaga,arrigorriagatar,Spain,tar
1539,pozoblanco,tarugos,Spain,gos
1550,rygge,ryggesokning,Norway,soking
1588,nannestad,nannestadsokning,Norway,soking
1558,guerande,guerandaise,France,aise
1582,fraga,fragatino,Spain,tino
3282,plasencia,placentino,Spain,tino
1586,vennesla,venndol,Norway,ol
1591,ozdere,ozdereliler,Turkey,liler
1607,benaulim,bannalemcar,India,car
1610,taggia,taggiaschi,Italy,chi
1615,thisted,thistedbo,Denmark,bo
1625,bundala,bundalawalia,India,walia
1627,soller,solleric,Spain,ric
1637,nakskov,nakskovit,Denmark,it
1640,calcinaia,calcinaioli,Italy,oli
1643,sweden,swedish,United States,ish
1801,flanders,flemish,United States,ish
2731,åland,ålandish,,ish
2732,britain  great britain and united kingdom,british,,ish
2733,cornwall,cornish,,ish
2734,denmark,danish,,ish
2735,england,english,,ish
2736,finland,finnish,,ish
2737,flanders,flemish,,ish
2738,ireland,irish,,ish
2739,kent,kentish,,ish
2740,kurdistan,kurdish,,ish
2741,lombok,lombokish,,ish
2742,niger,northern irish,,ish
2743,northern ireland,northern irish,,ish
2744,poland,polish,,ish
2745,scotland,scottish,,ish
2746,spain,spanish,,ish
2747,sweden,swedish,,ish
2748,wales,welsh,,ish
1670,bryne,brynebu,Norway,ebu
1685,doesburg,doesburger,Netherlands,ger
1694,portomaggiore,portuensi,Italy,nsi
1695,ravanusa,ravanusauri,Italy,uri
1713,tysvaer,tysvaerbu,Norway,bu
1716,castalla,castellut,Spain,uts
1733,barcs,barcsi,Hungary,csi
1745,crosia,crosioti,Italy,oti
1819,savoy,savoyard,United States,ard
2755,savoy,savoyard,,ard
2756,montagne,montagnard,,ard
2757,shafter,shaftard,,ard
1844,angers,angevin,,vin
1871,campinas,campineiro,,eiro
1903,palinges,palinsard,,rd
1947,kaluga,kaluzhane,,ane
1960,larnaka,larnakade,,ade
1969,limassol,lemesouti,,ti
1974,malaga,malagenean,,nean
2028,polmont,polmontarian,,arian
2032,porto cheli,porto cheliki,,ki
2037,providence,providentian,,tian
2959,florencia,florentineitalian,Colombia,tian
2071,sapporo,sapporokko,,kko
2073,sendai,sendaikko,,kko
2086,sydney,sydneysider,,ider
2100,tournai,tournaisian,,sian
2563,guam,guamanian,,anian
2564,mawlamyine,mawlamanian,,anian
2862,chios,chiot,,ot
2863,corfu,corfiot,,ot
2864,cyprus,cypriot,,ot
2865,phanar,phanariote,,iote
2866,bergamo,bergamasque,,asque
2867,menton,mentonasque,,asque
2868,basque country,basque,,asque
2869,sanremo,sanremasque,,asque
2879,oxford,oxonian,,vian
2880,barrow in furness,barrovian,,vian
2881,moose jaw,moose javian,,vian
2882,oamaru,oamaruvian,,vian
2883,oslo,oslovian,,vian
2884,warsaw,warsovian,,vian
2885,waterloo,waterluvian,,vian
2886,wythenshawe,wythenshavian,,vian
2888,guayana,guayanes,Venezuela,anes
2905,malmo,malmoit,Sweden,oit
2915,raqqa,raqqawi,Syria,wi
3079,al qunaytirah,qunayt­irawi,Syria,wi
3016,gyumri,gyumretsi,Armenia,tsi
3236,penco,pencones,Chile,nes
3237,aquidauana,aquidauanses,Brazil,ses
3241,alziran,spain,,"Alzira"""
3270,fredericia,fredericianer,Denmark,ner
